prompt_id,image_id,prompt,image_path,parse_success,csr_obj,csr_attr,csr_rel,csr_count,csr_text,csr_all,violations,perception,clip_score
p0101,seed_0,A red apple is next to a blue bowl.,outputs/images/p0101/seed_0.png,True,1.0,1.0,1.0,,,1.0,[],"{'objects': ['apple', 'bowl'], 'attributes': [{'object': 'apple', 'attribute': 'red'}, {'object': 'bowl', 'attribute': 'blue with red stripe'}], 'relations': [{'subject': 'apple', 'relation': 'left_of', 'object': 'bowl'}], 'count': [{'object': 'apple', 'number': 1}, {'object': 'bowl', 'number': 1}], 'ocr_text': [], 'uncertain': []}",0.3471648693084717
p0101,seed_1,A red apple is next to a blue bowl.,outputs/images/p0101/seed_1.png,True,1.0,0.0,1.0,,,0.6666666666666666,"['attribute mismatch: apple should be red', 'attribute mismatch: bowl should be blue']","{'objects': ['bowl', 'apple'], 'attributes': [{'object': 'bowl', 'attribute': 'color', 'value': 'blue'}, {'object': 'apple', 'attribute': 'color', 'value': 'red'}], 'relations': [{'subject': 'bowl', 'relation': 'contains', 'object': 'apple'}, {'subject': 'apple', 'relation': 'beside', 'object': 'bowl'}, {'subject': 'apple', 'relation': 'in_front_of', 'object': 'bowl'}], 'count': [{'object': 'apple', 'number': 5}, {'object': 'bowl', 'number': 1}], 'ocr_text': [], 'uncertain': []}",0.32938694953918457
p0101,seed_2,A red apple is next to a blue bowl.,outputs/images/p0101/seed_2.png,True,1.0,1.0,1.0,,,1.0,[],"{'objects': ['apple', 'blue bowl'], 'attributes': [{'object': 'apple', 'attribute': 'red'}, {'object': 'blue bowl', 'attribute': 'blue'}], 'relations': [{'subject': 'apple', 'relation': 'above', 'object': 'blue bowl'}, {'subject': 'apple', 'relation': 'beside', 'object': 'blue bowl'}, {'subject': 'apple', 'relation': 'beside', 'object': 'blue bowl'}], 'count': [{'object': 'apple', 'number': 3}], 'ocr_text': [], 'uncertain': []}",0.3352363109588623
p0101,seed_3,A red apple is next to a blue bowl.,outputs/images/p0101/seed_3.png,True,1.0,1.0,0.0,,,0.6666666666666666,['relation mismatch: apple beside bowl'],"{'objects': ['apple', 'bowl', 'plate', 'spoon'], 'attributes': [{'object': 'apple', 'attribute': 'red'}, {'object': 'bowl', 'attribute': 'blue'}, {'object': 'plate', 'attribute': 'blue'}, {'object': 'spoon', 'attribute': 'wooden'}], 'relations': [{'subject': 'apple', 'relation': 'in', 'object': 'bowl'}, {'subject': 'apple', 'relation': 'on', 'object': 'plate'}, {'subject': 'spoon', 'relation': 'beside', 'object': 'plate'}], 'count': [{'object': 'apple', 'number': 5}, {'object': 'bowl', 'number': 2}, {'object': 'plate', 'number': 1}, {'object': 'spoon', 'number': 1}], 'ocr_text': [], 'uncertain': []}",0.34286391735076904
p0102,seed_0,A yellow bird is sitting on a black chair.,outputs/images/p0102/seed_0.png,True,1.0,0.5,1.0,,,0.8333333333333334,['attribute mismatch: chair should be black'],"{'objects': ['bird', 'chair'], 'attributes': [{'object': 'bird', 'attribute': 'yellow'}, {'object': 'chair', 'attribute': 'beige upholstery'}], 'relations': [{'subject': 'bird', 'relation': 'sitting_on', 'object': 'chair'}], 'count': [{'object': 'legs', 'number': 2}, {'object': 'feathers', 'number': 1}], 'ocr_text': [], 'uncertain': []}",0.3709481656551361
p0102,seed_1,A yellow bird is sitting on a black chair.,outputs/images/p0102/seed_1.png,True,0.5,0.0,0.0,,,0.16666666666666666,"['missing object: chair', 'attribute mismatch: bird should be yellow', 'attribute mismatch: chair should be black', 'relation mismatch: bird sitting_on chair']","{'objects': ['bird'], 'attributes': [{'object': 'bird', 'attribute': 'color', 'value': 'yellow'}, {'object': 'bird', 'attribute': 'wing', 'value': 'black'}, {'object': 'bird', 'attribute': 'beak', 'value': 'gray'}, {'object': 'bird', 'attribute': 'feet', 'value': 'black'}], 'relations': [], 'count': [{'object': 'feet', 'number': 2}], 'ocr_text': [], 'uncertain': []}",0.3246162533760071
p0102,seed_2,A yellow bird is sitting on a black chair.,outputs/images/p0102/seed_2.png,True,1.0,1.0,1.0,,,1.0,[],"{'objects': ['bird', 'chair'], 'attributes': [{'object': 'bird', 'attribute': 'yellow'}, {'object': 'bird', 'attribute': 'black_wings'}, {'object': 'chair', 'attribute': 'black'}], 'relations': [{'subject': 'bird', 'relation': 'sitting_on', 'object': 'chair'}], 'count': [{'object': 'legs', 'number': 2}, {'object': 'feathers', 'number': 1}, {'object': 'wings', 'number': 2}], 'ocr_text': [], 'uncertain': []}",0.3721812665462494
p0102,seed_3,A yellow bird is sitting on a black chair.,outputs/images/p0102/seed_3.png,True,1.0,1.0,0.0,,,0.6666666666666666,['relation mismatch: bird sitting_on chair'],"{'objects': ['bird', 'chair'], 'attributes': [{'object': 'bird', 'attribute': 'yellow'}, {'object': 'bird', 'attribute': 'black_feathers'}, {'object': 'bird', 'attribute': 'sharp_beak'}, {'object': 'chair', 'attribute': 'black'}], 'relations': [{'subject': 'bird', 'relation': 'standing_on', 'object': 'chair'}], 'count': [{'object': 'bird', 'number': 1}, {'object': 'chair', 'number': 1}], 'ocr_text': [], 'uncertain': []}",0.36915120482444763
p0103,seed_0,A green bottle is beside a white plate.,outputs/images/p0103/seed_0.png,True,1.0,1.0,1.0,,,1.0,[],"{'objects': ['bottle', 'plate'], 'attributes': [{'object': 'bottle', 'attribute': 'green'}, {'object': 'plate', 'attribute': 'white'}], 'relations': [{'subject': 'bottle', 'relation': 'left_of', 'object': 'plate'}], 'count': [{'object': 'bottle', 'number': 1}, {'object': 'plate', 'number': 1}], 'ocr_text': [], 'uncertain': []}",0.3176652193069458
p0103,seed_1,A green bottle is beside a white plate.,outputs/images/p0103/seed_1.png,True,0.5,0.0,0.0,,,0.16666666666666666,"['missing object: plate', 'attribute mismatch: bottle should be green', 'attribute mismatch: plate should be white', 'relation mismatch: bottle beside plate']","{'objects': ['bottle'], 'attributes': [{'object': 'bottle', 'attribute': 'color', 'value': 'green'}, {'object': 'bottle', 'attribute': 'shape', 'value': 'cylindrical'}], 'relations': [{'subject': 'bottle', 'relation': 'left_of', 'object': 'bottle'}, {'subject': 'bottle', 'relation': 'right_of', 'object': 'bottle'}], 'count': [{'object': 'bottle', 'number': 2}], 'ocr_text': [], 'uncertain': []}",0.35199642181396484
p0103,seed_2,A green bottle is beside a white plate.,outputs/images/p0103/seed_2.png,True,1.0,0.0,0.0,,,0.3333333333333333,"['attribute mismatch: bottle should be green', 'attribute mismatch: plate should be white', 'relation mismatch: bottle beside plate']","{'objects': ['bottle', 'plate', 'table'], 'attributes': [{'object': 'bottle', 'attribute': 'color', 'value': 'green'}, {'object': 'bottle', 'attribute': 'shape', 'value': 'tall and slender'}, {'object': 'bottle', 'attribute': 'top', 'value': 'gold cap'}, {'object': 'plate', 'attribute': 'color', 'value': 'white'}, {'object': 'plate', 'attribute': 'shape', 'value': 'round'}, {'object': 'table', 'attribute': 'material', 'value': 'wooden'}], 'relations': [{'subject': 'bottle', 'relation': 'on', 'object': 'plate'}, {'subject': 'plate', 'relation': 'on', 'object': 'table'}], 'count': [{'object': 'bottle', 'number': 1}, {'object': 'plate', 'number': 1}, {'object': 'table', 'number': 1}], 'ocr_text': ['LUCIUS'], 'uncertain': []}",0.31278154253959656
p0103,seed_3,A green bottle is beside a white plate.,outputs/images/p0103/seed_3.png,True,1.0,1.0,1.0,,,1.0,[],"{'objects': ['bottle', 'plate', 'cup', 'bowl'], 'attributes': [{'object': 'bottle', 'attribute': 'green'}, {'object': 'plate', 'attribute': 'white'}, {'object': 'cup', 'attribute': 'white'}, {'object': 'bowl', 'attribute': 'white'}], 'relations': [{'subject': 'bottle', 'relation': 'left_of', 'object': 'plate'}, {'subject': 'plate', 'relation': 'under', 'object': 'bottle'}, {'subject': 'cup', 'relation': 'right_of', 'object': 'bottle'}, {'subject': 'bowl', 'relation': 'right_of', 'object': 'cup'}], 'count': [{'object': 'plate', 'number': 4}, {'object': 'cup', 'number': 1}, {'object': 'bowl', 'number': 1}], 'ocr_text': [], 'uncertain': []}",0.3489970862865448
p0104,seed_0,A purple hat is on a brown table.,outputs/images/p0104/seed_0.png,True,0.5,0.0,0.0,,,0.16666666666666666,"['missing object: table', 'attribute mismatch: hat should be purple', 'attribute mismatch: table should be brown', 'relation mismatch: hat on table']","{'objects': ['hat'], 'attributes': [{'object': 'hat', 'attribute': 'color', 'value': 'purple'}, {'object': 'hat', 'attribute': 'shape', 'value': 'wide-brimmed'}], 'relations': [{'subject': 'hat', 'relation': 'on', 'object': 'floor'}], 'count': [{'object': 'hat', 'number': 1}], 'ocr_text': [], 'uncertain': []}",0.35481739044189453
p0104,seed_1,A purple hat is on a brown table.,outputs/images/p0104/seed_1.png,True,0.5,0.0,1.0,,,0.5,"['missing object: table', 'attribute mismatch: hat should be purple', 'attribute mismatch: table should be brown']","{'objects': ['hat'], 'attributes': [{'object': 'hat', 'attribute': 'color', 'value': 'purple'}, {'object': 'hat', 'attribute': 'band', 'value': 'black'}], 'relations': [{'subject': 'hat', 'relation': 'on', 'object': 'table'}], 'count': [{'object': 'hat', 'number': 1}], 'ocr_text': [], 'uncertain': []}",0.3510640263557434
p0104,seed_2,A purple hat is on a brown table.,outputs/images/p0104/seed_2.png,True,0.5,0.0,0.0,,,0.16666666666666666,"['missing object: table', 'attribute mismatch: hat should be purple', 'attribute mismatch: table should be brown', 'relation mismatch: hat on table']","{'objects': ['hat', 'stand'], 'attributes': [{'object': 'hat', 'attribute': 'color', 'value': 'purple'}, {'object': 'hat', 'attribute': 'shape', 'value': 'wide-brimmed'}, {'object': 'stand', 'attribute': 'material', 'value': 'transparent'}], 'relations': [{'subject': 'hat', 'relation': 'on', 'object': 'stand'}, {'subject': 'stand', 'relation': 'under', 'object': 'hat'}], 'count': [{'object': 'hat', 'number': 1}, {'object': 'stand', 'number': 1}], 'ocr_text': [], 'uncertain': []}",0.34471940994262695
p0104,seed_3,A purple hat is on a brown table.,outputs/images/p0104/seed_3.png,True,0.5,0.0,1.0,,,0.5,"['missing object: table', 'attribute mismatch: hat should be purple', 'attribute mismatch: table should be brown']","{'objects': ['hat'], 'attributes': [{'object': 'hat', 'attribute': 'color', 'value': 'purple'}, {'object': 'hat', 'attribute': 'ribbon', 'value': 'brown'}], 'relations': [{'subject': 'hat', 'relation': 'on', 'object': 'table'}], 'count': [{'object': 'hat', 'number': 1}], 'ocr_text': [], 'uncertain': []}",0.3469107151031494
p0105,seed_0,A black camera is in front of a red backpack.,outputs/images/p0105/seed_0.png,True,1.0,1.0,0.0,,,0.6666666666666666,['relation mismatch: camera in_front_of backpack'],"{'objects': ['camera', 'lens', 'phone', 'backpack', 'filter', 'flash', 'strap'], 'attributes': [{'object': 'camera', 'attribute': 'black'}, {'object': 'lens', 'attribute': 'black'}, {'object': 'phone', 'attribute': 'white'}, {'object': 'backpack', 'attribute': 'red'}, {'object': 'filter', 'attribute': 'black'}, {'object': 'flash', 'attribute': 'black'}, {'object': 'strap', 'attribute': 'black'}], 'relations': [{'subject': 'camera', 'relation': 'left_of', 'object': 'lens'}, {'subject': 'phone', 'relation': 'left_of', 'object': 'lens'}, {'subject': 'backpack', 'relation': 'right_of', 'object': 'lens'}, {'subject': 'filter', 'relation': 'under', 'object': 'backpack'}, {'subject': 'flash', 'relation': 'under', 'object': 'backpack'}, {'subject': 'strap', 'relation': 'beside', 'object': 'backpack'}], 'count': [{'object': 'camera', 'number': 4}, {'object': 'lens', 'number': 2}, {'object': 'phone', 'number': 1}, {'object': 'backpack', 'number': 2}, {'object': 'filter', 'number': 1}, {'object': 'flash', 'number': 1}, {'object': 'strap', 'number': 2}], 'ocr_text': ['D80', 'Nikon'], 'uncertain': []}",0.3126070499420166
p0105,seed_1,A black camera is in front of a red backpack.,outputs/images/p0105/seed_1.png,True,1.0,1.0,0.0,,,0.6666666666666666,['relation mismatch: camera in_front_of backpack'],"{'objects': ['camera', 'lens', 'backpack', 'small backpack'], 'attributes': [{'object': 'camera', 'attribute': 'black'}, {'object': 'lens', 'attribute': 'black'}, {'object': 'backpack', 'attribute': 'red'}, {'object': 'small backpack', 'attribute': 'red'}], 'relations': [{'subject': 'camera', 'relation': 'left_of', 'object': 'backpack'}, {'subject': 'lens', 'relation': 'left_of', 'object': 'camera'}, {'subject': 'small backpack', 'relation': 'right_of', 'object': 'backpack'}], 'count': [{'object': 'camera', 'number': 1}, {'object': 'lens', 'number': 1}, {'object': 'backpack', 'number': 1}, {'object': 'small backpack', 'number': 1}], 'ocr_text': ['SAMSUNG'], 'uncertain': []}",0.31934016942977905
p0105,seed_2,A black camera is in front of a red backpack.,outputs/images/p0105/seed_2.png,True,1.0,1.0,0.0,,,0.6666666666666666,['relation mismatch: camera in_front_of backpack'],"{'objects': ['camera', 'tripod', 'backpack', 'lens case'], 'attributes': [{'object': 'camera', 'attribute': 'black'}, {'object': 'tripod', 'attribute': 'black'}, {'object': 'backpack', 'attribute': 'red'}, {'object': 'lens case', 'attribute': 'black'}], 'relations': [{'subject': 'camera', 'relation': 'on', 'object': 'tripod'}, {'subject': 'backpack', 'relation': 'on', 'object': 'camera'}, {'subject': 'lens case', 'relation': 'beside', 'object': 'camera'}], 'count': [{'object': 'camera', 'number': 1}, {'object': 'tripod', 'number': 1}, {'object': 'backpack', 'number': 1}, {'object': 'lens case', 'number': 1}], 'ocr_text': ['KOD'], 'uncertain': []}",0.33925774693489075
p0105,seed_3,A black camera is in front of a red backpack.,outputs/images/p0105/seed_3.png,True,1.0,1.0,0.0,,,0.6666666666666666,['relation mismatch: camera in_front_of backpack'],"{'objects': ['camera', 'tripod', 'backpack'], 'attributes': [{'object': 'camera', 'attribute': 'black'}, {'object': 'tripod', 'attribute': 'black'}, {'object': 'backpack', 'attribute': 'red'}], 'relations': [{'subject': 'camera', 'relation': 'on', 'object': 'tripod'}, {'subject': 'backpack', 'relation': 'behind', 'object': 'camera'}], 'count': [{'object': 'camera', 'number': 1}, {'object': 'tripod', 'number': 1}, {'object': 'backpack', 'number': 1}], 'ocr_text': [], 'uncertain': []}",0.3439422845840454
p0106,seed_0,A blue umbrella is above a gray bench.,outputs/images/p0106/seed_0.png,True,1.0,0.0,1.0,,,0.6666666666666666,"['attribute mismatch: umbrella should be blue', 'attribute mismatch: bench should be gray']","{'objects': ['bench', 'umbrella'], 'attributes': [{'object': 'bench', 'attribute': 'color', 'value': 'blue'}, {'object': 'umbrella', 'attribute': 'color', 'value': 'blue'}], 'relations': [{'subject': 'umbrella', 'relation': 'above', 'object': 'bench'}], 'count': [{'object': 'bench', 'number': 1}, {'object': 'umbrella', 'number': 1}], 'ocr_text': [], 'uncertain': []}",0.36076927185058594
p0106,seed_1,A blue umbrella is above a gray bench.,outputs/images/p0106/seed_1.png,True,1.0,0.5,0.0,,,0.5,"['attribute mismatch: bench should be gray', 'relation mismatch: umbrella above bench']","{'objects': ['bench', 'umbrella', 'tree', 'building'], 'attributes': [{'object': 'bench', 'color': 'blue'}, {'object': 'bench', 'color': 'black'}, {'object': 'umbrella', 'color': 'blue'}, {'object': 'tree', 'color': 'green'}, {'object': 'building', 'color': 'gray'}], 'relations': [{'subject': 'bench', 'relation': 'left_of', 'object': 'umbrella'}, {'subject': 'bench', 'relation': 'right_of', 'object': 'umbrella'}, {'subject': 'bench', 'relation': 'behind', 'object': 'umbrella'}, {'subject': 'tree', 'relation': 'behind', 'object': 'bench'}, {'subject': 'building', 'relation': 'behind', 'object': 'bench'}], 'count': [{'object': 'bench', 'number': 3}, {'object': 'tree', 'number': 3}], 'ocr_text': [], 'uncertain': []}",0.36640435457229614
p0106,seed_2,A blue umbrella is above a gray bench.,outputs/images/p0106/seed_2.png,True,1.0,0.0,1.0,,,0.6666666666666666,"['attribute mismatch: umbrella should be blue', 'attribute mismatch: bench should be gray']","{'objects': ['bench', 'umbrella'], 'attributes': [{'object': 'bench', 'attribute': 'color', 'value': 'light blue'}, {'object': 'umbrella', 'attribute': 'color', 'value': 'blue'}], 'relations': [{'subject': 'umbrella', 'relation': 'above', 'object': 'bench'}], 'count': [{'object': 'bench', 'number': 1}, {'object': 'umbrella', 'number': 1}], 'ocr_text': [], 'uncertain': []}",0.38863855600357056
p0106,seed_3,A blue umbrella is above a gray bench.,outputs/images/p0106/seed_3.png,True,1.0,0.5,1.0,,,0.8333333333333334,['attribute mismatch: bench should be gray'],"{'objects': ['bench', 'umbrella', 'tree'], 'attributes': [{'object': 'bench', 'attribute': 'black'}, {'object': 'umbrella', 'attribute': 'blue'}, {'object': 'tree', 'attribute': 'green leaves'}], 'relations': [{'subject': 'umbrella', 'relation': 'above', 'object': 'bench'}, {'subject': 'tree', 'relation': 'right_of', 'object': 'bench'}], 'count': [{'object': 'bench', 'number': 1}, {'object': 'umbrella', 'number': 1}, {'object': 'tree', 'number': 1}], 'ocr_text': [], 'uncertain': []}",0.38494282960891724
p0107,seed_0,A pink flower is inside a green vase.,outputs/images/p0107/seed_0.png,True,1.0,1.0,1.0,,,1.0,[],"{'objects': ['flower', 'vase'], 'attributes': [{'object': 'flower', 'attribute': 'pink'}, {'object': 'vase', 'attribute': 'green'}], 'relations': [{'subject': 'flower', 'relation': 'in', 'object': 'vase'}, {'subject': 'flower', 'relation': 'left_of', 'object': 'flower'}], 'count': [{'object': 'flower', 'number': 2}, {'object': 'vase', 'number': 1}], 'ocr_text': [], 'uncertain': []}",0.3232848048210144
p0107,seed_1,A pink flower is inside a green vase.,outputs/images/p0107/seed_1.png,True,1.0,1.0,1.0,,,1.0,[],"{'objects': ['flower', 'vase'], 'attributes': [{'object': 'flower', 'attribute': 'pink'}, {'object': 'vase', 'attribute': 'green'}], 'relations': [{'subject': 'flower', 'relation': 'in', 'object': 'vase'}], 'count': [{'object': 'flowers', 'number': 1}, {'object': 'vases', 'number': 1}], 'ocr_text': [], 'uncertain': []}",0.34820395708084106
p0107,seed_2,A pink flower is inside a green vase.,outputs/images/p0107/seed_2.png,True,1.0,0.0,1.0,,,0.6666666666666666,"['attribute mismatch: flower should be pink', 'attribute mismatch: vase should be green']","{'objects': ['flower', 'vase'], 'attributes': [{'object': 'flower', 'attribute': 'color', 'value': 'pink'}, {'object': 'vase', 'attribute': 'color', 'value': 'green'}], 'relations': [{'subject': 'flower', 'relation': 'in', 'object': 'vase'}], 'count': [{'object': 'flowers', 'number': 1}, {'object': 'vases', 'number': 1}], 'ocr_text': [], 'uncertain': []}",0.3474491238594055
p0107,seed_3,A pink flower is inside a green vase.,outputs/images/p0107/seed_3.png,True,1.0,1.0,1.0,,,1.0,[],"{'objects': ['flower', 'vase'], 'attributes': [{'object': 'flower', 'attribute': 'pink'}, {'object': 'vase', 'attribute': 'green'}], 'relations': [{'subject': 'flower', 'relation': 'in', 'object': 'vase'}, {'subject': 'vase', 'relation': 'on', 'object': 'surface'}], 'count': [{'object': 'flower', 'number': 3}, {'object': 'vase', 'number': 1}], 'ocr_text': [], 'uncertain': []}",0.33886879682540894
p0108,seed_0,A silver laptop is on a wooden desk.,outputs/images/p0108/seed_0.png,True,0.5,0.0,0.0,,,0.16666666666666666,"['missing object: desk', 'attribute mismatch: laptop should be silver', 'attribute mismatch: desk should be wooden', 'relation mismatch: laptop on desk']","{'objects': ['laptop'], 'attributes': [{'object': 'laptop', 'attribute': 'color', 'value': 'silver'}, {'object': 'laptop', 'attribute': 'brand', 'value': 'Apple'}], 'relations': [{'subject': 'laptop', 'relation': 'on', 'object': 'wooden surface'}], 'count': [{'object': 'laptop', 'number': 1}], 'ocr_text': [], 'uncertain': []}",0.3006303906440735
p0108,seed_1,A silver laptop is on a wooden desk.,outputs/images/p0108/seed_1.png,True,1.0,1.0,1.0,,,1.0,[],"{'objects': ['laptop', 'plant', 'desk', 'window', 'curtain'], 'attributes': [{'object': 'laptop', 'attribute': 'silver'}, {'object': 'plant', 'attribute': 'green'}, {'object': 'desk', 'attribute': 'wooden'}, {'object': 'window', 'attribute': 'white frame'}, {'object': 'curtain', 'attribute': 'white'}], 'relations': [{'subject': 'laptop', 'relation': 'on', 'object': 'desk'}, {'subject': 'plant', 'relation': 'behind', 'object': 'laptop'}, {'subject': 'window', 'relation': 'right_of', 'object': 'laptop'}, {'subject': 'curtain', 'relation': 'in_front_of', 'object': 'window'}], 'count': [{'object': 'laptop', 'number': 1}, {'object': 'plant', 'number': 1}, {'object': 'desk', 'number': 1}, {'object': 'window', 'number': 1}, {'object': 'curtain', 'number': 1}], 'ocr_text': [], 'uncertain': []}",0.307964026927948
p0108,seed_2,A silver laptop is on a wooden desk.,outputs/images/p0108/seed_2.png,True,1.0,1.0,1.0,,,1.0,[],"{'objects': ['laptop', 'desk', 'wall'], 'attributes': [{'object': 'laptop', 'attribute': 'silver'}, {'object': 'desk', 'attribute': 'wooden'}, {'object': 'wall', 'attribute': 'wooden'}], 'relations': [{'subject': 'laptop', 'relation': 'on', 'object': 'desk'}, {'subject': 'desk', 'relation': 'beside', 'object': 'wall'}], 'count': [{'object': 'cables', 'number': 1}], 'ocr_text': [], 'uncertain': []}",0.2856963276863098
p0108,seed_3,A silver laptop is on a wooden desk.,outputs/images/p0108/seed_3.png,True,1.0,1.0,1.0,,,1.0,[],"{'objects': ['laptop', 'desk', 'window', 'chair'], 'attributes': [{'object': 'laptop', 'attribute': 'silver'}, {'object': 'desk', 'attribute': 'wooden'}, {'object': 'window', 'attribute': 'large'}, {'object': 'chair', 'attribute': 'beige'}], 'relations': [{'subject': 'laptop', 'relation': 'on', 'object': 'desk'}, {'subject': 'window', 'relation': 'behind', 'object': 'desk'}, {'subject': 'chair', 'relation': 'beside', 'object': 'desk'}], 'count': [{'object': 'laptop', 'number': 1}, {'object': 'desk', 'number': 2}, {'object': 'chair', 'number': 1}], 'ocr_text': [], 'uncertain': []}",0.2742491364479065
p0109,seed_0,A white dog is beside a red suitcase.,outputs/images/p0109/seed_0.png,True,1.0,1.0,1.0,,,1.0,[],"{'objects': ['dog', 'suitcase'], 'attributes': [{'object': 'dog', 'attribute': 'white'}, {'object': 'suitcase', 'attribute': 'red'}, {'object': 'suitcase', 'attribute': 'brown'}], 'relations': [{'subject': 'dog', 'relation': 'beside', 'object': 'suitcase'}], 'count': [{'object': 'suitcase', 'number': 1}], 'ocr_text': [], 'uncertain': []}",0.35029131174087524
p0109,seed_1,A white dog is beside a red suitcase.,outputs/images/p0109/seed_1.png,True,1.0,1.0,1.0,,,1.0,[],"{'objects': ['dog', 'suitcase'], 'attributes': [{'object': 'dog', 'attribute': 'white'}, {'object': 'suitcase', 'attribute': 'red'}], 'relations': [{'subject': 'dog', 'relation': 'standing_beside', 'object': 'suitcase'}], 'count': [{'object': 'suitcase', 'number': 1}], 'ocr_text': [], 'uncertain': []}",0.355563223361969
p0109,seed_2,A white dog is beside a red suitcase.,outputs/images/p0109/seed_2.png,True,1.0,0.0,0.0,,,0.3333333333333333,"['attribute mismatch: dog should be white', 'attribute mismatch: suitcase should be red', 'relation mismatch: dog beside suitcase']","{'objects': ['suitcase', 'dog'], 'attributes': [{'object': 'suitcase', 'attribute': 'color', 'value': 'red'}, {'object': 'suitcase', 'attribute': 'size', 'value': 'large'}, {'object': 'suitcase', 'attribute': 'material', 'value': 'plastic'}, {'object': 'dog', 'attribute': 'color', 'value': 'white'}, {'object': 'dog', 'attribute': 'breed', 'value': 'small'}], 'relations': [{'subject': 'suitcase', 'relation': 'above', 'object': 'suitcase'}, {'subject': 'dog', 'relation': 'in_front_of', 'object': 'suitcase'}], 'count': [{'object': 'suitcase', 'number': 2}], 'ocr_text': [], 'uncertain': []}",0.36365780234336853
p0109,seed_3,A white dog is beside a red suitcase.,outputs/images/p0109/seed_3.png,True,1.0,1.0,0.0,,,0.6666666666666666,['relation mismatch: dog beside suitcase'],"{'objects': ['dog', 'suitcase', 'basket', 'plant pot', 'wall'], 'attributes': [{'object': 'dog', 'attribute': 'white'}, {'object': 'suitcase', 'attribute': 'red'}, {'object': 'basket', 'attribute': 'brown'}, {'object': 'plant pot', 'attribute': 'white'}, {'object': 'wall', 'attribute': 'green'}], 'relations': [{'subject': 'dog', 'relation': 'standing_on', 'object': 'suitcase'}, {'subject': 'basket', 'relation': 'behind', 'object': 'dog'}, {'subject': 'plant pot', 'relation': 'in', 'object': 'basket'}, {'subject': 'wall', 'relation': 'behind', 'object': 'dog'}], 'count': [{'object': 'dog', 'number': 1}, {'object': 'suitcase', 'number': 1}, {'object': 'basket', 'number': 1}, {'object': 'plant pot', 'number': 1}, {'object': 'wall', 'number': 1}], 'ocr_text': [], 'uncertain': []}",0.3668244481086731
p0110,seed_0,A golden clock is above a blue sofa.,outputs/images/p0110/seed_0.png,True,1.0,1.0,0.0,,,0.6666666666666666,['relation mismatch: clock above sofa'],"{'objects': ['sofa', 'ottoman', 'chair', 'clock', 'cabinet', 'window', 'chandelier', 'rug', 'lamp', 'plant', 'vase', 'ceiling'], 'attributes': [{'object': 'sofa', 'color': 'blue'}, {'object': 'ottoman', 'color': 'blue'}, {'object': 'chair', 'color': 'blue'}, {'object': 'clock', 'color': 'gold'}, {'object': 'cabinet', 'color': 'beige'}, {'object': 'window', 'color': 'white'}, {'object': 'chandelier', 'color': 'gold'}, {'object': 'rug', 'color': 'beige'}, {'object': 'lamp', 'color': 'gold'}, {'object': 'plant', 'color': 'green'}, {'object': 'vase', 'color': 'white'}, {'object': 'ceiling', 'color': 'white'}], 'relations': [{'subject': 'sofa', 'relation': 'beside', 'object': 'ottoman'}, {'subject': 'ottoman', 'relation': 'in_front_of', 'object': 'sofa'}, {'subject': 'chair', 'relation': 'left_of', 'object': 'sofa'}, {'subject': 'clock', 'relation': 'right_of', 'object': 'cabinet'}, {'subject': 'cabinet', 'relation': 'behind', 'object': 'sofa'}, {'subject': 'window', 'relation': 'left_of', 'object': 'sofa'}, {'subject': 'chandelier', 'relation': 'above', 'object': 'sofa'}, {'subject': 'rug', 'relation': 'under', 'object': 'sofa'}, {'subject': 'lamp', 'relation': 'on', 'object': 'ottoman'}, {'subject': 'plant', 'relation': 'left_of', 'object': 'chair'}, {'subject': 'vase', 'relation': 'holding', 'object': 'plant'}, {'subject': 'ceiling', 'relation': 'above', 'object': 'sofa'}], 'count': [{'object': 'pillow', 'number': 4}, {'object': 'plant', 'number': 2}, {'object': 'vase', 'number': 2}], 'ocr_text': ['XII XI X IX VIII VII VI V IV III II I'], 'uncertain': []}",0.34192684292793274
p0110,seed_1,A golden clock is above a blue sofa.,outputs/images/p0110/seed_1.png,True,1.0,1.0,1.0,,,1.0,[],"{'objects': ['clock', 'couch', 'ottoman', 'side table', 'wall sconce', 'pillow'], 'attributes': [{'object': 'clock', 'color': 'gold'}, {'object': 'couch', 'color': 'blue'}, {'object': 'ottoman', 'color': 'beige'}, {'object': 'side table', 'color': 'brown'}, {'object': 'wall sconce', 'color': 'gold'}, {'object': 'pillow', 'color': 'gray'}], 'relations': [{'subject': 'clock', 'relation': 'above', 'object': 'couch'}, {'subject': 'ottoman', 'relation': 'in_front_of', 'object': 'couch'}, {'subject': 'side table', 'relation': 'beside', 'object': 'ottoman'}, {'subject': 'wall sconce', 'relation': 'right_of', 'object': 'couch'}], 'count': [{'object': 'pillow', 'number': 2}], 'ocr_text': ['XII', 'XI', 'X', 'IX', 'VIII', 'VII', 'VI', 'V', 'IV', 'III', 'II', 'I'], 'uncertain': []}",0.35550808906555176
p0110,seed_2,A golden clock is above a blue sofa.,outputs/images/p0110/seed_2.png,True,1.0,1.0,1.0,,,1.0,[],"{'objects': ['clock', 'sofa', 'pillow', 'lamp', 'wall', 'window'], 'attributes': [{'object': 'clock', 'attribute': 'golden frame'}, {'object': 'sofa', 'attribute': 'blue fabric'}, {'object': 'pillow', 'attribute': 'gold fabric'}, {'object': 'lamp', 'attribute': 'golden base'}, {'object': 'wall', 'attribute': 'blue paint'}, {'object': 'window', 'attribute': 'white frame'}], 'relations': [{'subject': 'clock', 'relation': 'above', 'object': 'sofa'}, {'subject': 'lamp', 'relation': 'left_of', 'object': 'sofa'}, {'subject': 'window', 'relation': 'right_of', 'object': 'sofa'}], 'count': [{'object': 'pillow', 'number': 2}], 'ocr_text': ['VI'], 'uncertain': ['uncertain time displayed on clock']}",0.3701460361480713
p0110,seed_3,A golden clock is above a blue sofa.,outputs/images/p0110/seed_3.png,True,1.0,1.0,1.0,,,1.0,[],"{'objects': ['clock', 'couch', 'coffee table', 'pillows', 'vases', 'candlesticks', 'wall decor'], 'attributes': [{'object': 'clock', 'color': 'gold'}, {'object': 'couch', 'color': 'blue'}, {'object': 'coffee table', 'color': 'gold'}, {'object': 'pillows', 'color': 'blue'}, {'object': 'vases', 'color': 'gold'}, {'object': 'candlesticks', 'color': 'gold'}, {'object': 'wall decor', 'color': 'gold'}], 'relations': [{'subject': 'clock', 'relation': 'above', 'object': 'couch'}, {'subject': 'couch', 'relation': 'in front of', 'object': 'coffee table'}, {'subject': 'coffee table', 'relation': 'under', 'object': 'couch'}, {'subject': 'vases', 'relation': 'on', 'object': 'coffee table'}, {'subject': 'candlesticks', 'relation': 'beside', 'object': 'couch'}, {'subject': 'wall decor', 'relation': 'on', 'object': 'wall'}], 'count': [{'object': 'pillows', 'number': 4}, {'object': 'candlesticks', 'number': 2}, {'object': 'vases', 'number': 2}], 'ocr_text': ['VI'], 'uncertain': []}",0.3646690845489502
p0111,seed_0,A cup is to the left of a book.,outputs/images/p0111/seed_0.png,True,1.0,,0.0,,,0.5,['relation mismatch: cup left_of book'],"{'objects': ['book', 'coffee cup', 'saucer'], 'attributes': [{'object': 'book', 'attribute': 'open'}, {'object': 'coffee cup', 'attribute': 'filled with coffee'}, {'object': 'saucer', 'attribute': 'underneath coffee cup'}], 'relations': [{'subject': 'book', 'relation': 'left_of', 'object': 'coffee cup'}], 'count': [{'object': 'pages', 'number': 2}], 'ocr_text': ['uncertain'], 'uncertain': ['unclear text due to blurriness']}",0.3076881468296051
p0111,seed_1,A cup is to the left of a book.,outputs/images/p0111/seed_1.png,True,1.0,,0.0,,,0.5,['relation mismatch: cup left_of book'],"{'objects': ['mug', 'plant', 'cup', 'saucer', 'spoon', 'book'], 'attributes': [{'object': 'mug', 'color': 'white'}, {'object': 'plant', 'color': 'green'}, {'object': 'cup', 'color': 'brown'}, {'object': 'saucer', 'color': 'brown'}, {'object': 'spoon', 'color': 'brown'}, {'object': 'book', 'color': 'white'}], 'relations': [{'subject': 'mug', 'relation': 'left_of', 'object': 'plant'}, {'subject': 'cup', 'relation': 'right_of', 'object': 'mug'}, {'subject': 'spoon', 'relation': 'in', 'object': 'cup'}, {'subject': 'book', 'relation': 'under', 'object': 'mug'}, {'subject': 'book', 'relation': 'under', 'object': 'cup'}, {'subject': 'book', 'relation': 'under', 'object': 'saucer'}], 'count': [{'object': 'mug', 'number': 1}, {'object': 'plant', 'number': 1}, {'object': 'cup', 'number': 1}, {'object': 'saucer', 'number': 1}, {'object': 'spoon', 'number': 1}, {'object': 'book', 'number': 1}], 'ocr_text': [], 'uncertain': []}",0.31014004349708557
p0111,seed_2,A cup is to the left of a book.,outputs/images/p0111/seed_2.png,True,1.0,,0.0,,,0.5,['relation mismatch: cup left_of book'],"{'objects': ['cup', 'saucer', 'book', 'leaves', 'vase'], 'attributes': [{'object': 'cup', 'color': 'blue and white'}, {'object': 'saucer', 'color': 'blue'}, {'object': 'book', 'open': True}, {'object': 'leaves', 'color': 'green'}, {'object': 'vase', 'color': 'silver'}], 'relations': [{'subject': 'cup', 'relation': 'on', 'object': 'saucer'}, {'subject': 'saucer', 'relation': 'on', 'object': 'book'}, {'subject': 'leaves', 'relation': 'on', 'object': 'book'}, {'subject': 'book', 'relation': 'beside', 'object': 'vase'}, {'subject': 'book', 'relation': 'behind', 'object': 'cup'}], 'count': [{'object': 'books', 'number': 2}], 'ocr_text': ['OES'], 'uncertain': ['unclear text in book pages']}",0.3167393207550049
p0111,seed_3,A cup is to the left of a book.,outputs/images/p0111/seed_3.png,True,1.0,,0.0,,,0.5,['relation mismatch: cup left_of book'],"{'objects': ['book', 'mug'], 'attributes': [{'object': 'book', 'attribute': 'open'}, {'object': 'mug', 'attribute': 'white'}], 'relations': [{'subject': 'book', 'relation': 'under', 'object': 'mug'}, {'subject': 'book', 'relation': 'left_of', 'object': 'window'}], 'count': [{'object': 'book', 'number': 2}], 'ocr_text': ['Lorem ipsum dolor sit amet, consectetur adipiscing elit. Sed euismod, nisl id varius tincidunt, risus massa rhoncus justo, at facilisis metus lacus ac ante. Nullam vel semper dui. Sed euismod, nisl id varius tincidunt, risus massa rhoncus justo, at facilisis metus lacus ac ante. Nullam vel semper dui.'], 'uncertain': ['unclear text content']}",0.29314011335372925
p0112,seed_0,A cat is under a table.,outputs/images/p0112/seed_0.png,True,1.0,,1.0,,,1.0,[],"{'objects': ['cat', 'table'], 'attributes': [{'object': 'cat', 'attribute': 'color', 'value': 'gray'}, {'object': 'cat', 'attribute': 'eye_color', 'value': 'green'}, {'object': 'table', 'attribute': 'material', 'value': 'wood'}], 'relations': [{'subject': 'cat', 'relation': 'under', 'object': 'table'}], 'count': [{'object': 'legs', 'number': 4}, {'object': 'table_legs', 'number': 2}], 'ocr_text': [], 'uncertain': []}",0.3413568139076233
p0112,seed_1,A cat is under a table.,outputs/images/p0112/seed_1.png,True,1.0,,1.0,,,1.0,[],"{'objects': ['cat', 'table'], 'attributes': [{'object': 'cat', 'attribute': 'color', 'value': 'gray and white'}, {'object': 'table', 'attribute': 'material', 'value': 'wood'}], 'relations': [{'subject': 'cat', 'relation': 'under', 'object': 'table'}], 'count': [{'object': 'legs of table', 'number': 4}], 'ocr_text': [], 'uncertain': []}",0.32988226413726807
p0112,seed_2,A cat is under a table.,outputs/images/p0112/seed_2.png,True,0.5,,0.0,,,0.25,"['missing object: table', 'relation mismatch: cat under table']","{'objects': ['cat', 'dresser'], 'attributes': [{'object': 'cat', 'attribute': 'color', 'value': 'gray and white'}, {'object': 'dresser', 'attribute': 'material', 'value': 'wood'}], 'relations': [{'subject': 'cat', 'relation': 'under', 'object': 'dresser'}], 'count': [{'object': 'drawer handles', 'number': 2}], 'ocr_text': [], 'uncertain': []}",0.3264354467391968
p0112,seed_3,A cat is under a table.,outputs/images/p0112/seed_3.png,True,1.0,,1.0,,,1.0,[],"{'objects': ['cat', 'table'], 'attributes': [{'object': 'cat', 'attribute': 'color', 'value': 'brown'}, {'object': 'cat', 'attribute': 'eye_color', 'value': 'green'}, {'object': 'table', 'attribute': 'material', 'value': 'wood'}, {'object': 'table', 'attribute': 'legs', 'value': 'metal'}], 'relations': [{'subject': 'cat', 'relation': 'under', 'object': 'table'}], 'count': [{'object': 'legs', 'number': 4}], 'ocr_text': [], 'uncertain': []}",0.3420184254646301
p0113,seed_0,A bicycle is in front of a shop.,outputs/images/p0113/seed_0.png,True,0.5,,0.0,,,0.25,"['missing object: shop', 'relation mismatch: bicycle in_front_of shop']","{'objects': ['bicycle', 'storefront', 'potted plant', 'van', 'sidewalk', 'tree'], 'attributes': [{'object': 'bicycle', 'color': 'teal'}, {'object': 'storefront', 'color': 'green'}, {'object': 'potted plant', 'color': 'green'}, {'object': 'van', 'color': 'white'}, {'object': 'sidewalk', 'material': 'concrete'}, {'object': 'tree', 'color': 'green'}], 'relations': [{'subject': 'bicycle', 'relation': 'in_front_of', 'object': 'storefront'}, {'subject': 'potted plant', 'relation': 'left_of', 'object': 'bicycle'}, {'subject': 'van', 'relation': 'left_of', 'object': 'storefront'}, {'subject': 'tree', 'relation': 'left_of', 'object': 'van'}], 'count': [{'object': 'bicycle', 'number': 1}, {'object': 'potted plant', 'number': 1}, {'object': 'van', 'number': 1}], 'ocr_text': ['CELLU'], 'uncertain': []}",0.30154410004615784
p0113,seed_1,A bicycle is in front of a shop.,outputs/images/p0113/seed_1.png,True,1.0,,1.0,,,1.0,[],"{'objects': ['bicycle', 'shop window', 'building'], 'attributes': [{'object': 'bicycle', 'attribute': 'blue seat'}, {'object': 'shop window', 'attribute': 'wooden frame'}, {'object': 'building', 'attribute': 'orange wall'}], 'relations': [{'subject': 'bicycle', 'relation': 'in_front_of', 'object': 'shop window'}, {'subject': 'shop window', 'relation': 'left_of', 'object': 'building'}], 'count': [{'object': 'bicycle', 'number': 2}], 'ocr_text': [], 'uncertain': []}",0.28348612785339355
p0113,seed_2,A bicycle is in front of a shop.,outputs/images/p0113/seed_2.png,True,0.5,,0.0,,,0.25,"['missing object: shop', 'relation mismatch: bicycle in_front_of shop']","{'objects': ['bicycle', 'basket', 'storefront'], 'attributes': [{'object': 'bicycle', 'attribute': 'worn'}, {'object': 'basket', 'attribute': 'wicker'}, {'object': 'storefront', 'attribute': 'green'}], 'relations': [{'subject': 'bicycle', 'relation': 'holding', 'object': 'basket'}, {'subject': 'bicycle', 'relation': 'in_front_of', 'object': 'storefront'}], 'count': [{'object': 'shelves', 'number': 2}, {'object': 'items_on_shelves', 'number': 0}], 'ocr_text': ['DYNAL'], 'uncertain': []}",0.31972551345825195
p0113,seed_3,A bicycle is in front of a shop.,outputs/images/p0113/seed_3.png,True,0.5,,0.0,,,0.25,"['missing object: shop', 'relation mismatch: bicycle in_front_of shop']","{'objects': ['bicycle', 'awning', 'storefront', 'basket', 'shoes'], 'attributes': [{'object': 'bicycle', 'color': 'black'}, {'object': 'awning', 'color': 'blue'}, {'object': 'storefront', 'color': 'white'}, {'object': 'basket', 'color': 'brown'}, {'object': 'shoes', 'color': 'various'}], 'relations': [{'subject': 'bicycle', 'relation': 'holding', 'object': 'basket'}, {'subject': 'bicycle', 'relation': 'standing_beside', 'object': 'storefront'}], 'count': [{'object': 'shoes', 'number': 10}], 'ocr_text': ['西雅图'], 'uncertain': ['unclear text in storefront window']}",0.3106194734573364
p0114,seed_0,A dog is behind a chair.,outputs/images/p0114/seed_0.png,True,1.0,,0.0,,,0.5,['relation mismatch: dog behind chair'],"{'objects': ['dog', 'chair', 'table', 'window', 'floor'], 'attributes': [{'object': 'dog', 'attribute': 'brown fur'}, {'object': 'chair', 'attribute': 'wooden'}, {'object': 'table', 'attribute': 'wooden'}, {'object': 'window', 'attribute': 'white frame'}, {'object': 'floor', 'attribute': 'wooden'}], 'relations': [{'subject': 'dog', 'relation': 'sitting_on', 'object': 'floor'}, {'subject': 'chair', 'relation': 'beside', 'object': 'table'}, {'subject': 'window', 'relation': 'behind', 'object': 'dog'}], 'count': [{'object': 'dog', 'number': 1}, {'object': 'chair', 'number': 1}, {'object': 'table', 'number': 1}, {'object': 'window', 'number': 1}], 'ocr_text': [], 'uncertain': []}",0.2825114130973816
p0114,seed_1,A dog is behind a chair.,outputs/images/p0114/seed_1.png,True,1.0,,0.0,,,0.5,['relation mismatch: dog behind chair'],"{'objects': ['chair', 'dog'], 'attributes': [{'object': 'chair', 'attribute': 'wooden'}, {'object': 'chair', 'attribute': 'woven seat'}, {'object': 'dog', 'attribute': 'brown and black fur'}, {'object': 'dog', 'attribute': 'laying down'}], 'relations': [{'subject': 'dog', 'relation': 'beside', 'object': 'chair'}], 'count': [{'object': 'chair', 'number': 1}, {'object': 'dog', 'number': 1}], 'ocr_text': [], 'uncertain': []}",0.29890739917755127
p0114,seed_2,A dog is behind a chair.,outputs/images/p0114/seed_2.png,True,1.0,,0.0,,,0.5,['relation mismatch: dog behind chair'],"{'objects': ['dog', 'chair', 'cabinet', 'window'], 'attributes': [{'object': 'dog', 'attribute': 'sitting'}, {'object': 'chair', 'attribute': 'wooden'}, {'object': 'cabinet', 'attribute': 'dark brown'}, {'object': 'window', 'attribute': 'partially visible'}], 'relations': [{'subject': 'dog', 'relation': 'sitting_on', 'object': 'chair'}, {'subject': 'cabinet', 'relation': 'left_of', 'object': 'chair'}, {'subject': 'window', 'relation': 'right_of', 'object': 'chair'}], 'count': [{'object': 'dog', 'number': 1}, {'object': 'chair', 'number': 1}, {'object': 'cabinet', 'number': 1}, {'object': 'window', 'number': 1}], 'ocr_text': [], 'uncertain': []}",0.29817065596580505
p0114,seed_3,A dog is behind a chair.,outputs/images/p0114/seed_3.png,True,1.0,,0.0,,,0.5,['relation mismatch: dog behind chair'],"{'objects': ['dog', 'chair', 'table'], 'attributes': [{'object': 'dog', 'attribute': 'white'}, {'object': 'chair', 'attribute': 'wooden'}, {'object': 'table', 'attribute': 'wooden'}], 'relations': [{'subject': 'dog', 'relation': 'sitting_on', 'object': 'chair'}, {'subject': 'chair', 'relation': 'beside', 'object': 'table'}], 'count': [{'object': 'dog', 'number': 1}, {'object': 'chair', 'number': 1}, {'object': 'table', 'number': 1}], 'ocr_text': [], 'uncertain': []}",0.3160257339477539
p0115,seed_0,A lamp is above a desk.,outputs/images/p0115/seed_0.png,True,1.0,,1.0,,,1.0,[],"{'objects': ['desk', 'lamp', 'plant', 'book', 'spectacles'], 'attributes': [{'object': 'desk', 'attribute': 'white'}, {'object': 'lamp', 'attribute': 'green'}, {'object': 'plant', 'attribute': 'brown'}, {'object': 'book', 'attribute': 'golden'}, {'object': 'spectacles', 'attribute': 'black'}], 'relations': [{'subject': 'lamp', 'relation': 'above', 'object': 'desk'}, {'subject': 'plant', 'relation': 'left_of', 'object': 'book'}, {'subject': 'book', 'relation': 'left_of', 'object': 'book'}, {'subject': 'book', 'relation': 'left_of', 'object': 'book'}, {'subject': 'book', 'relation': 'left_of', 'object': 'book'}, {'subject': 'spectacles', 'relation': 'right_of', 'object': 'desk'}], 'count': [{'object': 'book', 'number': 4}, {'object': 'spectacles', 'number': 1}], 'ocr_text': ['The', 'erience', '30'], 'uncertain': ['unclear text on books']}",0.29662150144577026
p0115,seed_1,A lamp is above a desk.,outputs/images/p0115/seed_1.png,True,1.0,,0.0,,,0.5,['relation mismatch: lamp above desk'],"{'objects': ['desk lamp', 'vase', 'water pitcher', 'folder', 'tablet', 'chair'], 'attributes': [{'object': 'desk lamp', 'attribute': 'lighted'}, {'object': 'vase', 'attribute': 'ornate'}, {'object': 'water pitcher', 'attribute': 'clear glass'}, {'object': 'folder', 'attribute': 'closed'}, {'object': 'tablet', 'attribute': 'flat'}, {'object': 'chair', 'attribute': 'partially visible'}], 'relations': [{'subject': 'desk lamp', 'relation': 'left_of', 'object': 'vase'}, {'subject': 'water pitcher', 'relation': 'left_of', 'object': 'desk lamp'}, {'subject': 'folder', 'relation': 'right_of', 'object': 'desk lamp'}, {'subject': 'tablet', 'relation': 'left_of', 'object': 'water pitcher'}, {'subject': 'chair', 'relation': 'right_of', 'object': 'folder'}], 'count': [{'object': 'desk lamp', 'number': 1}, {'object': 'vase', 'number': 1}, {'object': 'water pitcher', 'number': 1}, {'object': 'folder', 'number': 1}, {'object': 'tablet', 'number': 1}, {'object': 'chair', 'number': 1}], 'ocr_text': [], 'uncertain': []}",0.3159230649471283
p0115,seed_2,A lamp is above a desk.,outputs/images/p0115/seed_2.png,True,1.0,,0.0,,,0.5,['relation mismatch: lamp above desk'],"{'objects': ['desk lamp', 'open book', 'cup with pens', 'picture frame', 'window', 'chair'], 'attributes': [{'object': 'desk lamp', 'attribute': 'black base'}, {'object': 'desk lamp', 'attribute': 'white shade'}, {'object': 'open book', 'attribute': 'white pages'}, {'object': 'cup with pens', 'attribute': 'beige cup'}, {'object': 'picture frame', 'attribute': 'black frame'}, {'object': 'window', 'attribute': 'clear glass'}, {'object': 'chair', 'attribute': 'white'}], 'relations': [{'subject': 'desk lamp', 'relation': 'above', 'object': 'open book'}, {'subject': 'cup with pens', 'relation': 'left_of', 'object': 'desk lamp'}, {'subject': 'picture frame', 'relation': 'left_of', 'object': 'desk lamp'}, {'subject': 'window', 'relation': 'right_of', 'object': 'desk lamp'}, {'subject': 'chair', 'relation': 'right_of', 'object': 'desk lamp'}], 'count': [{'object': 'pen', 'number': 0}, {'object': 'book', 'number': 1}, {'object': 'picture frame', 'number': 3}, {'object': 'cup', 'number': 1}], 'ocr_text': [], 'uncertain': []}",0.3110944330692291
p0115,seed_3,A lamp is above a desk.,outputs/images/p0115/seed_3.png,True,1.0,,1.0,,,1.0,[],"{'objects': ['desk lamp', 'plant', 'notebook', 'open notebook', 'desk', 'picture frame', 'computer monitor'], 'attributes': [{'object': 'desk lamp', 'attribute': 'white'}, {'object': 'plant', 'attribute': 'green'}, {'object': 'notebook', 'attribute': 'closed'}, {'object': 'open notebook', 'attribute': 'open'}, {'object': 'desk', 'attribute': 'wooden'}, {'object': 'picture frame', 'attribute': 'black'}, {'object': 'computer monitor', 'attribute': 'black'}], 'relations': [{'subject': 'desk lamp', 'relation': 'above', 'object': 'desk'}, {'subject': 'plant', 'relation': 'left_of', 'object': 'desk lamp'}, {'subject': 'notebook', 'relation': 'under', 'object': 'desk lamp'}, {'subject': 'open notebook', 'relation': 'in_front_of', 'object': 'desk lamp'}, {'subject': 'picture frame', 'relation': 'left_of', 'object': 'desk lamp'}, {'subject': 'computer monitor', 'relation': 'right_of', 'object': 'desk lamp'}], 'count': [{'object': 'desk lamp', 'number': 1}, {'object': 'plant', 'number': 1}, {'object': 'notebook', 'number': 1}, {'object': 'open notebook', 'number': 1}, {'object': 'picture frame', 'number': 1}, {'object': 'computer monitor', 'number': 1}], 'ocr_text': [], 'uncertain': []}",0.3096482455730438
p0116,seed_0,A man is holding a guitar.,outputs/images/p0116/seed_0.png,True,1.0,,0.0,,,0.5,['relation mismatch: man holding guitar'],"{'objects': ['guitar', 'person'], 'attributes': [{'object': 'guitar', 'attribute': 'brown'}, {'object': 'person', 'attribute': 'wearing black suit jacket'}], 'relations': [{'subject': 'guitar', 'relation': 'held_by', 'object': 'person'}], 'count': [{'object': 'guitar', 'number': 1}, {'object': 'person', 'number': 1}], 'ocr_text': [], 'uncertain': []}",0.2928800582885742
p0116,seed_1,A man is holding a guitar.,outputs/images/p0116/seed_1.png,True,1.0,,0.0,,,0.5,['relation mismatch: man holding guitar'],"{'objects': ['guitar', 'person'], 'attributes': [{'object': 'guitar', 'attribute': 'wooden'}, {'object': 'person', 'attribute': 'wearing white shirt'}], 'relations': [{'subject': 'guitar', 'relation': 'held_by', 'object': 'person'}], 'count': [{'object': 'strings', 'number': 6}], 'ocr_text': [], 'uncertain': []}",0.30402830243110657
p0116,seed_2,A man is holding a guitar.,outputs/images/p0116/seed_2.png,True,1.0,,0.0,,,0.5,['relation mismatch: man holding guitar'],"{'objects': ['guitar', 'person'], 'attributes': [{'object': 'guitar', 'attribute': 'sunburst finish'}, {'object': 'person', 'attribute': 'gray t-shirt'}, {'object': 'person', 'attribute': 'blue jeans'}], 'relations': [{'subject': 'guitar', 'relation': 'held_by', 'object': 'person'}], 'count': [{'object': 'windows', 'number': 2}], 'ocr_text': [], 'uncertain': []}",0.29358625411987305
p0116,seed_3,A man is holding a guitar.,outputs/images/p0116/seed_3.png,True,1.0,,0.0,,,0.5,['relation mismatch: man holding guitar'],"{'objects': ['guitar', 'person'], 'attributes': [{'object': 'guitar', 'attribute': 'wooden'}, {'object': 'person', 'attribute': 'wearing sunglasses'}], 'relations': [{'subject': 'guitar', 'relation': 'held_by', 'object': 'person'}], 'count': [{'object': 'guitar', 'number': 1}, {'object': 'person', 'number': 1}], 'ocr_text': [], 'uncertain': []}",0.28242695331573486
p0117,seed_0,A child is riding a skateboard.,outputs/images/p0117/seed_0.png,True,1.0,,1.0,,,1.0,[],"{'objects': ['skateboard', 'child', 'hat', 'building'], 'attributes': [{'object': 'skateboard', 'attribute': 'white deck'}, {'object': 'child', 'attribute': 'wearing white t-shirt'}, {'object': 'hat', 'attribute': 'blue denim'}, {'object': 'building', 'attribute': 'concrete wall'}], 'relations': [{'subject': 'child', 'relation': 'riding', 'object': 'skateboard'}, {'subject': 'child', 'relation': 'wearing', 'object': 'hat'}, {'subject': 'child', 'relation': 'standing_on', 'object': 'skateboard'}], 'count': [{'object': 'skateboard', 'number': 1}, {'object': 'child', 'number': 1}, {'object': 'hat', 'number': 1}], 'ocr_text': [], 'uncertain': []}",0.3286042809486389
p0117,seed_1,A child is riding a skateboard.,outputs/images/p0117/seed_1.png,True,0.5,,0.0,,,0.25,"['missing object: child', 'relation mismatch: child riding skateboard']","{'objects': ['skateboard', 'boy', 'helmet', 'building', 'concrete surface'], 'attributes': [{'object': 'skateboard', 'attribute': 'yellow wheels'}, {'object': 'boy', 'attribute': 'wearing helmet'}, {'object': 'helmet', 'attribute': 'black'}, {'object': 'building', 'attribute': 'brick'}, {'object': 'concrete surface', 'attribute': 'gray'}], 'relations': [{'subject': 'skateboard', 'relation': 'under', 'object': 'boy'}, {'subject': 'boy', 'relation': 'riding', 'object': 'skateboard'}, {'subject': 'boy', 'relation': 'wearing', 'object': 'helmet'}, {'subject': 'building', 'relation': 'behind', 'object': 'boy'}], 'count': [{'object': 'skateboard', 'number': 1}, {'object': 'helmet', 'number': 1}], 'ocr_text': [], 'uncertain': []}",0.3119265139102936
p0117,seed_2,A child is riding a skateboard.,outputs/images/p0117/seed_2.png,True,0.5,,0.0,,,0.25,"['missing object: child', 'relation mismatch: child riding skateboard']","{'objects': ['skateboard', 'person'], 'attributes': [{'object': 'skateboard', 'attribute': 'color', 'value': 'white'}, {'object': 'skateboard', 'attribute': 'wheels', 'value': 'yellow'}, {'object': 'person', 'attribute': 'clothing', 'value': 'red long-sleeve shirt'}, {'object': 'person', 'attribute': 'clothing', 'value': 'blue jeans'}, {'object': 'person', 'attribute': 'accessory', 'value': 'helmet'}, {'object': 'person', 'attribute': 'accessory', 'value': 'sunglasses'}], 'relations': [{'subject': 'skateboard', 'relation': 'riding', 'object': 'person'}], 'count': [{'object': 'skateboard', 'number': 1}, {'object': 'person', 'number': 1}], 'ocr_text': [], 'uncertain': []}",0.3283464312553406
p0117,seed_3,A child is riding a skateboard.,outputs/images/p0117/seed_3.png,True,1.0,,1.0,,,1.0,[],"{'objects': ['skateboard', 'child', 'helmet', 'shorts', 'shoes', 'wristband'], 'attributes': [{'object': 'skateboard', 'attribute': 'orange wheels'}, {'object': 'child', 'attribute': 'wearing helmet'}, {'object': 'shorts', 'attribute': 'gray'}, {'object': 'shoes', 'attribute': 'gray with white laces'}, {'object': 'wristband', 'attribute': 'black'}], 'relations': [{'subject': 'child', 'relation': 'riding', 'object': 'skateboard'}, {'subject': 'child', 'relation': 'wearing', 'object': 'helmet'}, {'subject': 'child', 'relation': 'wearing', 'object': 'shorts'}, {'subject': 'child', 'relation': 'wearing', 'object': 'shoes'}, {'subject': 'child', 'relation': 'holding', 'object': 'wristband'}], 'count': [{'object': 'skateboard', 'number': 1}, {'object': 'helmet', 'number': 1}, {'object': 'shorts', 'number': 1}, {'object': 'shoes', 'number': 2}, {'object': 'wristband', 'number': 1}], 'ocr_text': [], 'uncertain': []}",0.3316260576248169
p0118,seed_0,A woman is wearing a red scarf.,outputs/images/p0118/seed_0.png,True,1.0,0.0,1.0,,,0.6666666666666666,['attribute mismatch: scarf should be red'],"{'objects': ['person', 'scarf', 'jacket', 'shirt'], 'attributes': [{'object': 'scarf', 'attribute': 'color', 'value': 'red'}, {'object': 'jacket', 'attribute': 'color', 'value': 'gray'}, {'object': 'shirt', 'attribute': 'color', 'value': 'white'}], 'relations': [{'subject': 'person', 'relation': 'wearing', 'object': 'scarf'}, {'subject': 'person', 'relation': 'wearing', 'object': 'jacket'}, {'subject': 'person', 'relation': 'wearing', 'object': 'shirt'}], 'count': [{'object': 'scarf', 'number': 1}, {'object': 'jacket', 'number': 1}, {'object': 'shirt', 'number': 1}], 'ocr_text': [], 'uncertain': []}",0.3096840977668762
p0118,seed_1,A woman is wearing a red scarf.,outputs/images/p0118/seed_1.png,True,1.0,0.0,1.0,,,0.6666666666666666,['attribute mismatch: scarf should be red'],"{'objects': ['person', 'scarf'], 'attributes': [{'object': 'person', 'attribute': 'wearing'}, {'object': 'scarf', 'attribute': 'color', 'value': 'red'}], 'relations': [{'subject': 'person', 'relation': 'wearing', 'object': 'scarf'}], 'count': [{'object': 'scarf', 'number': 1}], 'ocr_text': [], 'uncertain': []}",0.3020215630531311
p0118,seed_2,A woman is wearing a red scarf.,outputs/images/p0118/seed_2.png,True,1.0,1.0,1.0,,,1.0,[],"{'objects': ['person', 'scarf', 'shirt'], 'attributes': [{'object': 'person', 'attribute': 'wearing white shirt'}, {'object': 'scarf', 'attribute': 'red'}, {'object': 'shirt', 'attribute': 'white'}], 'relations': [{'subject': 'person', 'relation': 'wearing', 'object': 'scarf'}, {'subject': 'person', 'relation': 'wearing', 'object': 'shirt'}], 'count': [{'object': 'scarves', 'number': 1}, {'object': 'shirts', 'number': 1}], 'ocr_text': [], 'uncertain': []}",0.3146812319755554
p0118,seed_3,A woman is wearing a red scarf.,outputs/images/p0118/seed_3.png,True,1.0,1.0,1.0,,,1.0,[],"{'objects': ['person', 'scarf'], 'attributes': [{'object': 'person', 'attribute': 'wearing white shirt'}, {'object': 'scarf', 'attribute': 'red'}], 'relations': [{'subject': 'person', 'relation': 'wearing', 'object': 'scarf'}], 'count': [{'object': 'scarf', 'number': 1}], 'ocr_text': [], 'uncertain': []}",0.3260575532913208
p0119,seed_0,A boat is beside a wooden dock.,outputs/images/p0119/seed_0.png,True,1.0,0.0,0.0,,,0.3333333333333333,"['attribute mismatch: dock should be wooden', 'relation mismatch: boat beside dock']","{'objects': ['boat', 'dock', 'trees', 'water'], 'attributes': [{'object': 'boat', 'attribute': 'color', 'value': 'white'}, {'object': 'boat', 'attribute': 'color', 'value': 'blue'}, {'object': 'dock', 'attribute': 'material', 'value': 'wood'}, {'object': 'trees', 'attribute': 'type', 'value': 'coniferous'}, {'object': 'water', 'attribute': 'state', 'value': 'calm'}], 'relations': [{'subject': 'boat', 'relation': 'on', 'object': 'water'}, {'subject': 'dock', 'relation': 'in front of', 'object': 'boat'}, {'subject': 'trees', 'relation': 'behind', 'object': 'water'}], 'count': [{'object': 'boat', 'number': 2}, {'object': 'dock', 'number': 1}, {'object': 'trees', 'number': 1}], 'ocr_text': ['CS'], 'uncertain': []}",0.2886263132095337
p0119,seed_1,A boat is beside a wooden dock.,outputs/images/p0119/seed_1.png,True,1.0,1.0,0.0,,,0.6666666666666666,['relation mismatch: boat beside dock'],"{'objects': ['dock', 'boat', 'trees', 'water', 'house'], 'attributes': [{'object': 'dock', 'attribute': 'wooden'}, {'object': 'boat', 'attribute': 'blue'}, {'object': 'trees', 'attribute': 'green'}, {'object': 'water', 'attribute': 'calm'}, {'object': 'house', 'attribute': 'small'}], 'relations': [{'subject': 'dock', 'relation': 'beside', 'object': 'water'}, {'subject': 'boat', 'relation': 'anchored_to', 'object': 'dock'}, {'subject': 'trees', 'relation': 'behind', 'object': 'dock'}, {'subject': 'house', 'relation': 'behind', 'object': 'trees'}], 'count': [{'object': 'trees', 'number': 0}, {'object': 'boats', 'number': 1}], 'ocr_text': [], 'uncertain': []}",0.29739752411842346
p0119,seed_2,A boat is beside a wooden dock.,outputs/images/p0119/seed_2.png,True,1.0,1.0,0.0,,,0.6666666666666666,['relation mismatch: boat beside dock'],"{'objects': ['boat', 'dock', 'trees', 'water'], 'attributes': [{'object': 'boat', 'color': 'blue'}, {'object': 'dock', 'material': 'wood'}, {'object': 'trees', 'color': 'brown'}, {'object': 'water', 'color': 'green'}], 'relations': [{'subject': 'boat', 'relation': 'anchored_to', 'object': 'dock'}, {'subject': 'trees', 'relation': 'surrounding', 'object': 'water'}, {'subject': 'trees', 'relation': 'behind', 'object': 'boat'}], 'count': [{'object': 'trees', 'number': 10}, {'object': 'dock', 'number': 1}], 'ocr_text': [], 'uncertain': []}",0.28863754868507385
p0119,seed_3,A boat is beside a wooden dock.,outputs/images/p0119/seed_3.png,True,1.0,1.0,0.0,,,0.6666666666666666,['relation mismatch: boat beside dock'],"{'objects': ['boat', 'dock', 'water', 'trees', 'sky'], 'attributes': [{'object': 'boat', 'attribute': 'white'}, {'object': 'dock', 'attribute': 'wooden'}, {'object': 'water', 'attribute': 'calm'}, {'object': 'trees', 'attribute': 'green'}, {'object': 'sky', 'attribute': 'cloudy'}], 'relations': [{'subject': 'boat', 'relation': 'anchored_to', 'object': 'dock'}, {'subject': 'trees', 'relation': 'beside', 'object': 'dock'}, {'subject': 'water', 'relation': 'under', 'object': 'boat'}, {'subject': 'water', 'relation': 'behind', 'object': 'trees'}, {'subject': 'water', 'relation': 'in_front_of', 'object': 'boat'}], 'count': [{'object': 'boat', 'number': 3}, {'object': 'pole', 'number': 7}], 'ocr_text': ['WATSON'], 'uncertain': []}",0.3190913200378418
p0120,seed_0,A phone is on the right side of a notebook.,outputs/images/p0120/seed_0.png,True,1.0,,0.0,,,0.5,['relation mismatch: phone right_of notebook'],"{'objects': ['notebook', 'smartphone', 'smartphone_case'], 'attributes': [{'object': 'notebook', 'attribute': 'open'}, {'object': 'smartphone', 'attribute': 'black'}, {'object': 'smartphone_case', 'attribute': 'blue'}], 'relations': [{'subject': 'smartphone', 'relation': 'on', 'object': 'notebook'}, {'subject': 'smartphone_case', 'relation': 'on', 'object': 'notebook'}, {'subject': 'notebook', 'relation': 'on', 'object': 'table'}], 'count': [{'object': 'smartphone', 'number': 2}, {'object': 'smartphone_case', 'number': 1}], 'ocr_text': [], 'uncertain': []}",0.3061397075653076
p0120,seed_1,A phone is on the right side of a notebook.,outputs/images/p0120/seed_1.png,True,1.0,,0.0,,,0.5,['relation mismatch: phone right_of notebook'],"{'objects': ['smartphone', 'notebook', 'pen'], 'attributes': [{'object': 'smartphone', 'attribute': 'black'}, {'object': 'notebook', 'attribute': 'white lined paper'}, {'object': 'pen', 'attribute': 'silver'}], 'relations': [{'subject': 'smartphone', 'relation': 'on', 'object': 'notebook'}, {'subject': 'pen', 'relation': 'on', 'object': 'notebook'}], 'count': [{'object': 'smartphone', 'number': 1}, {'object': 'pen', 'number': 1}], 'ocr_text': [], 'uncertain': []}",0.296786367893219
p0120,seed_2,A phone is on the right side of a notebook.,outputs/images/p0120/seed_2.png,True,1.0,,0.0,,,0.5,['relation mismatch: phone right_of notebook'],"{'objects': ['smartphone', 'pen', 'notebook', 'keyboard'], 'attributes': [{'object': 'smartphone', 'attribute': 'open'}, {'object': 'pen', 'attribute': 'black'}, {'object': 'notebook', 'attribute': 'beige'}, {'object': 'keyboard', 'attribute': 'white'}], 'relations': [{'subject': 'smartphone', 'relation': 'left_of', 'object': 'notebook'}, {'subject': 'smartphone', 'relation': 'right_of', 'object': 'pen'}, {'subject': 'smartphone', 'relation': 'above', 'object': 'pen'}, {'subject': 'smartphone', 'relation': 'beside', 'object': 'notebook'}, {'subject': 'smartphone', 'relation': 'beside', 'object': 'keyboard'}], 'count': [{'object': 'smartphone', 'number': 1}, {'object': 'pen', 'number': 1}, {'object': 'notebook', 'number': 1}, {'object': 'keyboard', 'number': 1}], 'ocr_text': ['Gmail tom@uMVC.p'], 'uncertain': ['unclear email address']}",0.2666723132133484
p0120,seed_3,A phone is on the right side of a notebook.,outputs/images/p0120/seed_3.png,True,1.0,,0.0,,,0.5,['relation mismatch: phone right_of notebook'],"{'objects': ['laptop', 'phone', 'notebook', 'external hard drive'], 'attributes': [{'object': 'laptop', 'attribute': 'closed'}, {'object': 'phone', 'attribute': 'black'}, {'object': 'notebook', 'attribute': 'white'}, {'object': 'external hard drive', 'attribute': 'black'}], 'relations': [{'subject': 'phone', 'relation': 'on top of', 'object': 'notebook'}, {'subject': 'external hard drive', 'relation': 'connected to', 'object': 'phone'}], 'count': [{'object': 'phone', 'number': 1}, {'object': 'notebook', 'number': 1}, {'object': 'external hard drive', 'number': 1}], 'ocr_text': [], 'uncertain': []}",0.26735591888427734
p0121,seed_0,Two red apples are on a plate.,outputs/images/p0121/seed_0.png,True,1.0,0.0,0.0,1.0,,0.5,"['attribute mismatch: apple should be red', 'relation mismatch: apple on plate']","{'objects': ['plate', 'apple'], 'attributes': [{'object': 'plate', 'attribute': 'color', 'value': 'white'}, {'object': 'apple', 'attribute': 'color', 'value': 'red'}], 'relations': [{'subject': 'apple', 'relation': 'left_of', 'object': 'apple'}, {'subject': 'apple', 'relation': 'right_of', 'object': 'apple'}], 'count': [{'object': 'apple', 'number': 2}, {'object': 'plate', 'number': 1}], 'ocr_text': [], 'uncertain': []}",0.330907940864563
p0121,seed_1,Two red apples are on a plate.,outputs/images/p0121/seed_1.png,True,1.0,0.0,1.0,0.0,,0.5,"['attribute mismatch: apple should be red', 'count mismatch: apple should be 2', 'count mismatch: plate should be 1']","{'objects': ['plate', 'apples'], 'attributes': [{'object': 'plate', 'attribute': 'color', 'value': 'white'}, {'object': 'apples', 'attribute': 'color', 'value': 'red'}], 'relations': [{'subject': 'apple', 'relation': 'on', 'object': 'plate'}, {'subject': 'apple', 'relation': 'left_of', 'object': 'apple'}, {'subject': 'apple', 'relation': 'right_of', 'object': 'apple'}, {'subject': 'apple', 'relation': 'right_of', 'object': 'apple'}], 'count': [{'object': 'apples', 'number': 3}], 'ocr_text': [], 'uncertain': []}",0.30494678020477295
p0121,seed_2,Two red apples are on a plate.,outputs/images/p0121/seed_2.png,True,1.0,0.0,1.0,0.0,,0.5,"['attribute mismatch: apple should be red', 'count mismatch: apple should be 2', 'count mismatch: plate should be 1']","{'objects': ['plate', 'apples'], 'attributes': [{'object': 'plate', 'attribute': 'color', 'value': 'white'}, {'object': 'apples', 'attribute': 'color', 'value': 'red'}], 'relations': [{'subject': 'apple', 'relation': 'on', 'object': 'plate'}, {'subject': 'plate', 'relation': 'under', 'object': 'apples'}], 'count': [{'object': 'apples', 'number': 4}], 'ocr_text': [], 'uncertain': []}",0.33557969331741333
p0121,seed_3,Two red apples are on a plate.,outputs/images/p0121/seed_3.png,True,1.0,1.0,1.0,0.0,,0.75,"['count mismatch: apple should be 2', 'count mismatch: plate should be 1']","{'objects': ['apple', 'plate', 'table', 'background'], 'attributes': [{'object': 'apple', 'attribute': 'red'}, {'object': 'plate', 'attribute': 'white'}, {'object': 'table', 'attribute': 'wooden'}, {'object': 'background', 'attribute': 'gray'}], 'relations': [{'subject': 'apple', 'relation': 'on', 'object': 'plate'}, {'subject': 'plate', 'relation': 'on', 'object': 'table'}, {'subject': 'apple', 'relation': 'left_of', 'object': 'apple'}, {'subject': 'apple', 'relation': 'right_of', 'object': 'apple'}, {'subject': 'apple', 'relation': 'behind', 'object': 'plate'}], 'count': [{'object': 'apple', 'number': 3}, {'object': 'plate', 'number': 2}], 'ocr_text': [], 'uncertain': []}",0.30402135848999023
p0122,seed_0,Three white birds are sitting on a fence.,outputs/images/p0122/seed_0.png,True,1.0,1.0,0.0,1.0,,0.75,['relation mismatch: bird sitting_on fence'],"{'objects': ['birds', 'fence'], 'attributes': [{'object': 'birds', 'attribute': 'white'}, {'object': 'fence', 'attribute': 'metallic'}], 'relations': [{'subject': 'bird_1', 'relation': 'left_of', 'object': 'bird_2'}, {'subject': 'bird_2', 'relation': 'left_of', 'object': 'bird_3'}, {'subject': 'bird_1', 'relation': 'standing_on', 'object': 'fence'}, {'subject': 'bird_2', 'relation': 'standing_on', 'object': 'fence'}, {'subject': 'bird_3', 'relation': 'standing_on', 'object': 'fence'}], 'count': [{'object': 'birds', 'number': 3}, {'object': 'fence', 'number': 1}], 'ocr_text': [], 'uncertain': []}",0.3512834310531616
p0122,seed_1,Three white birds are sitting on a fence.,outputs/images/p0122/seed_1.png,True,1.0,1.0,0.0,1.0,,0.75,['relation mismatch: bird sitting_on fence'],"{'objects': ['birds', 'fence'], 'attributes': [{'object': 'birds', 'attribute': 'white'}, {'object': 'fence', 'attribute': 'wooden'}], 'relations': [{'subject': 'bird_1', 'relation': 'left_of', 'object': 'bird_2'}, {'subject': 'bird_2', 'relation': 'left_of', 'object': 'bird_3'}, {'subject': 'bird_1', 'relation': 'standing_on', 'object': 'fence'}, {'subject': 'bird_2', 'relation': 'standing_on', 'object': 'fence'}, {'subject': 'bird_3', 'relation': 'standing_on', 'object': 'fence'}], 'count': [{'object': 'birds', 'number': 3}, {'object': 'fence', 'number': 1}], 'ocr_text': [], 'uncertain': []}",0.3364938497543335
p0122,seed_2,Three white birds are sitting on a fence.,outputs/images/p0122/seed_2.png,True,1.0,0.0,0.0,1.0,,0.5,"['attribute mismatch: bird should be white', 'relation mismatch: bird sitting_on fence']","{'objects': ['birds', 'fence'], 'attributes': [{'object': 'birds', 'attribute': 'color', 'value': 'white'}, {'object': 'fence', 'attribute': 'material', 'value': 'metal'}], 'relations': [{'subject': 'birds', 'relation': 'standing_on', 'object': 'fence'}, {'subject': 'fence', 'relation': 'holding', 'object': 'birds'}], 'count': [{'object': 'birds', 'number': 3}, {'object': 'fence', 'number': 1}], 'ocr_text': [], 'uncertain': []}",0.357243150472641
p0122,seed_3,Three white birds are sitting on a fence.,outputs/images/p0122/seed_3.png,True,1.0,1.0,0.0,0.5,,0.625,"['relation mismatch: bird sitting_on fence', 'count mismatch: fence should be 1']","{'objects': ['birds', 'fence', 'wooden posts'], 'attributes': [{'object': 'birds', 'attribute': 'white'}, {'object': 'birds', 'attribute': 'orange beaks'}, {'object': 'birds', 'attribute': 'orange feet'}, {'object': 'fence', 'attribute': 'chain-link'}, {'object': 'wooden posts', 'attribute': 'gray'}], 'relations': [{'subject': 'bird 1', 'relation': 'left_of', 'object': 'bird 2'}, {'subject': 'bird 2', 'relation': 'left_of', 'object': 'bird 3'}, {'subject': 'bird 1', 'relation': 'standing_on', 'object': 'wooden post 1'}, {'subject': 'bird 2', 'relation': 'standing_on', 'object': 'wooden post 2'}, {'subject': 'bird 3', 'relation': 'standing_on', 'object': 'wooden post 3'}], 'count': [{'object': 'birds', 'number': 3}, {'object': 'wooden posts', 'number': 3}], 'ocr_text': [], 'uncertain': []}",0.3659901022911072
p0123,seed_0,Four blue cups are on a table.,outputs/images/p0123/seed_0.png,True,0.5,1.0,0.0,0.0,,0.375,"['missing object: table', 'relation mismatch: cup on table', 'count mismatch: cup should be 4', 'count mismatch: table should be 1']","{'objects': ['mug'], 'attributes': [{'object': 'mug', 'color': 'blue'}], 'relations': [{'subject': 'mug', 'relation': 'in_front_of', 'object': 'mug'}, {'subject': 'mug', 'relation': 'behind', 'object': 'mug'}, {'subject': 'mug', 'relation': 'beside', 'object': 'mug'}, {'subject': 'mug', 'relation': 'beside', 'object': 'mug'}, {'subject': 'mug', 'relation': 'beside', 'object': 'mug'}], 'count': [{'object': 'mug', 'number': 6}], 'ocr_text': [], 'uncertain': []}",0.312887966632843
p0123,seed_1,Four blue cups are on a table.,outputs/images/p0123/seed_1.png,True,0.5,1.0,0.0,0.5,,0.5,"['missing object: table', 'relation mismatch: cup on table', 'count mismatch: table should be 1']","{'objects': ['mug'], 'attributes': [{'object': 'mug', 'color': 'light blue'}], 'relations': [{'subject': 'mug', 'relation': 'left_of', 'object': 'mug'}, {'subject': 'mug', 'relation': 'right_of', 'object': 'mug'}, {'subject': 'mug', 'relation': 'right_of', 'object': 'mug'}, {'subject': 'mug', 'relation': 'left_of', 'object': 'mug'}], 'count': [{'object': 'mug', 'number': 4}], 'ocr_text': [], 'uncertain': []}",0.3292772173881531
p0123,seed_2,Four blue cups are on a table.,outputs/images/p0123/seed_2.png,True,0.5,1.0,0.0,0.0,,0.375,"['missing object: table', 'relation mismatch: cup on table', 'count mismatch: cup should be 4', 'count mismatch: table should be 1']","{'objects': ['cup', 'saucer', 'plant'], 'attributes': [{'object': 'cup', 'color': 'blue'}, {'object': 'saucer', 'color': 'blue'}, {'object': 'plant', 'color': 'white'}], 'relations': [{'subject': 'cup', 'relation': 'on', 'object': 'saucer'}, {'subject': 'plant', 'relation': 'beside', 'object': 'cup'}], 'count': [{'object': 'cup', 'number': 6}, {'object': 'saucer', 'number': 6}, {'object': 'plant', 'number': 1}], 'ocr_text': [], 'uncertain': []}",0.3183618187904358
p0123,seed_3,Four blue cups are on a table.,outputs/images/p0123/seed_3.png,True,0.5,1.0,0.0,0.0,,0.375,"['missing object: table', 'relation mismatch: cup on table', 'count mismatch: cup should be 4', 'count mismatch: table should be 1']","{'objects': ['cup', 'saucer', 'cloth'], 'attributes': [{'object': 'cup', 'color': 'blue'}, {'object': 'saucer', 'color': 'blue'}, {'object': 'cloth', 'color': 'gray'}], 'relations': [{'subject': 'cup', 'relation': 'on', 'object': 'saucer'}, {'subject': 'saucer', 'relation': 'under', 'object': 'cup'}, {'subject': 'cloth', 'relation': 'under', 'object': 'saucer'}], 'count': [{'object': 'cup', 'number': 5}, {'object': 'saucer', 'number': 5}, {'object': 'cloth', 'number': 1}], 'ocr_text': [], 'uncertain': []}",0.32640954852104187
p0124,seed_0,Two dogs are under a green umbrella.,outputs/images/p0124/seed_0.png,True,1.0,1.0,1.0,0.5,,0.875,['count mismatch: umbrella should be 1'],"{'objects': ['dog', 'umbrella', 'plant', 'building'], 'attributes': [{'object': 'dog', 'attribute': 'white'}, {'object': 'umbrella', 'attribute': 'green'}, {'object': 'plant', 'attribute': 'green leaves'}, {'object': 'building', 'attribute': 'brown wall'}], 'relations': [{'subject': 'dog', 'relation': 'under', 'object': 'umbrella'}, {'subject': 'plant', 'relation': 'left_of', 'object': 'dog'}, {'subject': 'building', 'relation': 'behind', 'object': 'dog'}], 'count': [{'object': 'dog', 'number': 2}, {'object': 'plant', 'number': 2}], 'ocr_text': [], 'uncertain': []}",0.3861207962036133
p0124,seed_1,Two dogs are under a green umbrella.,outputs/images/p0124/seed_1.png,True,1.0,1.0,1.0,1.0,,1.0,[],"{'objects': ['dog', 'umbrella'], 'attributes': [{'object': 'dog', 'attribute': 'black and white'}, {'object': 'dog', 'attribute': 'brown and black'}, {'object': 'umbrella', 'attribute': 'green'}], 'relations': [{'subject': 'dog', 'relation': 'under', 'object': 'umbrella'}, {'subject': 'dog', 'relation': 'left_of', 'object': 'dog'}, {'subject': 'dog', 'relation': 'right_of', 'object': 'dog'}], 'count': [{'object': 'dog', 'number': 2}, {'object': 'umbrella', 'number': 1}], 'ocr_text': [], 'uncertain': []}",0.3748607635498047
p0124,seed_2,Two dogs are under a green umbrella.,outputs/images/p0124/seed_2.png,True,1.0,1.0,1.0,1.0,,1.0,[],"{'objects': ['dog', 'umbrella'], 'attributes': [{'object': 'dog', 'attribute': 'white'}, {'object': 'dog', 'attribute': 'sitting'}, {'object': 'umbrella', 'attribute': 'green'}], 'relations': [{'subject': 'dog', 'relation': 'under', 'object': 'umbrella'}, {'subject': 'dog', 'relation': 'beside', 'object': 'dog'}], 'count': [{'object': 'dog', 'number': 2}, {'object': 'umbrella', 'number': 1}], 'ocr_text': [], 'uncertain': []}",0.38913586735725403
p0124,seed_3,Two dogs are under a green umbrella.,outputs/images/p0124/seed_3.png,True,1.0,1.0,1.0,1.0,,1.0,[],"{'objects': ['dog', 'umbrella'], 'attributes': [{'object': 'dog', 'attribute': 'brown'}, {'object': 'dog', 'attribute': 'black'}, {'object': 'umbrella', 'attribute': 'green'}], 'relations': [{'subject': 'dog', 'relation': 'under', 'object': 'umbrella'}, {'subject': 'dog', 'relation': 'left_of', 'object': 'dog'}, {'subject': 'dog', 'relation': 'right_of', 'object': 'dog'}], 'count': [{'object': 'dog', 'number': 2}, {'object': 'umbrella', 'number': 1}], 'ocr_text': [], 'uncertain': []}",0.36879783868789673
p0125,seed_0,Five yellow balloons are above a small box.,outputs/images/p0125/seed_0.png,True,1.0,0.0,1.0,0.5,,0.625,"['attribute mismatch: balloon should be yellow', 'attribute mismatch: box should be small', 'count mismatch: balloon should be 5']","{'objects': ['balloons', 'box'], 'attributes': [{'object': 'balloons', 'attribute': 'color', 'value': 'yellow'}, {'object': 'box', 'attribute': 'color', 'value': 'brown'}], 'relations': [{'subject': 'balloons', 'relation': 'above', 'object': 'box'}], 'count': [{'object': 'balloons', 'number': 18}, {'object': 'box', 'number': 1}], 'ocr_text': [], 'uncertain': []}",0.35836875438690186
p0125,seed_1,Five yellow balloons are above a small box.,outputs/images/p0125/seed_1.png,True,1.0,0.0,0.0,1.0,,0.5,"['attribute mismatch: balloon should be yellow', 'attribute mismatch: box should be small', 'relation mismatch: balloon above box']","{'objects': ['balloons', 'gift box'], 'attributes': [{'object': 'balloons', 'attribute': 'color', 'value': 'yellow'}, {'object': 'gift box', 'attribute': 'color', 'value': 'yellow'}, {'object': 'gift box', 'attribute': 'decor', 'value': 'red ribbon'}], 'relations': [{'subject': 'balloons', 'relation': 'attached_to', 'object': 'gift box'}], 'count': [{'object': 'balloons', 'number': 5}, {'object': 'gift box', 'number': 1}], 'ocr_text': [], 'uncertain': []}",0.3569678068161011
p0125,seed_2,Five yellow balloons are above a small box.,outputs/images/p0125/seed_2.png,True,1.0,0.5,1.0,0.5,,0.75,"['attribute mismatch: box should be small', 'count mismatch: balloon should be 5']","{'objects': ['balloon', 'box'], 'attributes': [{'object': 'balloon', 'color': 'yellow'}, {'object': 'box', 'color': 'white'}], 'relations': [{'subject': 'balloon', 'relation': 'attached_to', 'object': 'box'}, {'subject': 'balloon', 'relation': 'above', 'object': 'box'}], 'count': [{'object': 'balloon', 'number': 4}, {'object': 'box', 'number': 1}], 'ocr_text': [], 'uncertain': []}",0.3447948396205902
p0125,seed_3,Five yellow balloons are above a small box.,outputs/images/p0125/seed_3.png,True,1.0,0.5,1.0,0.5,,0.75,"['attribute mismatch: box should be small', 'count mismatch: balloon should be 5']","{'objects': ['balloons', 'box'], 'attributes': [{'object': 'balloons', 'color': 'yellow'}, {'object': 'balloons', 'color': 'white'}, {'object': 'box', 'color': 'brown'}], 'relations': [{'subject': 'balloons', 'relation': 'above', 'object': 'box'}], 'count': [{'object': 'balloons', 'number': 7}, {'object': 'box', 'number': 1}], 'ocr_text': [], 'uncertain': []}",0.34185561537742615
p0126,seed_0,Three black cars are parked beside a building.,outputs/images/p0126/seed_0.png,True,0.5,0.0,0.0,0.0,,0.125,"['missing object: building', 'attribute mismatch: car should be black', 'relation mismatch: car beside building', 'count mismatch: car should be 3', 'count mismatch: building should be 1']","{'objects': ['car'], 'attributes': [{'object': 'car', 'attribute': 'color', 'value': 'black'}, {'object': 'car', 'attribute': 'model', 'value': 'Toyota Camry'}], 'relations': [{'subject': 'car', 'relation': 'left_of', 'object': 'car'}, {'subject': 'car', 'relation': 'right_of', 'object': 'car'}], 'count': [{'object': 'car', 'number': 2}], 'ocr_text': ['Toyota Camry'], 'uncertain': []}",0.3109776973724365
p0126,seed_1,Three black cars are parked beside a building.,outputs/images/p0126/seed_1.png,True,0.5,0.0,0.0,0.5,,0.25,"['missing object: building', 'attribute mismatch: car should be black', 'relation mismatch: car beside building', 'count mismatch: building should be 1']","{'objects': ['car'], 'attributes': [{'object': 'car', 'attribute': 'color', 'value': 'black'}, {'object': 'car', 'attribute': 'model', 'value': 'Lada'}], 'relations': [{'subject': 'car', 'relation': 'left_of', 'object': 'car'}, {'subject': 'car', 'relation': 'right_of', 'object': 'car'}, {'subject': 'car', 'relation': 'in_front_of', 'object': 'building'}], 'count': [{'object': 'car', 'number': 3}], 'ocr_text': ['YOMA'], 'uncertain': []}",0.3168431520462036
p0126,seed_2,Three black cars are parked beside a building.,outputs/images/p0126/seed_2.png,True,1.0,1.0,0.0,0.5,,0.625,"['relation mismatch: car beside building', 'count mismatch: building should be 1']","{'objects': ['building', 'car'], 'attributes': [{'object': 'building', 'attribute': 'brick'}, {'object': 'car', 'attribute': 'black'}], 'relations': [{'subject': 'car', 'relation': 'left_of', 'object': 'car'}, {'subject': 'car', 'relation': 'right_of', 'object': 'car'}, {'subject': 'car', 'relation': 'in_front_of', 'object': 'building'}], 'count': [{'object': 'car', 'number': 3}], 'ocr_text': [], 'uncertain': []}",0.3257805109024048
p0126,seed_3,Three black cars are parked beside a building.,outputs/images/p0126/seed_3.png,True,0.5,0.0,0.0,0.5,,0.25,"['missing object: building', 'attribute mismatch: car should be black', 'relation mismatch: car beside building', 'count mismatch: building should be 1']","{'objects': ['car'], 'attributes': [{'object': 'car', 'attribute': 'color', 'value': 'black'}, {'object': 'car', 'attribute': 'model', 'value': 'classic'}], 'relations': [{'subject': 'car', 'relation': 'left_of', 'object': 'car'}, {'subject': 'car', 'relation': 'right_of', 'object': 'car'}, {'subject': 'car', 'relation': 'in_front_of', 'object': 'building'}], 'count': [{'object': 'car', 'number': 3}], 'ocr_text': [], 'uncertain': []}",0.2914803624153137
p0127,seed_0,Two astronauts are standing beside one silver rocket.,outputs/images/p0127/seed_0.png,True,1.0,1.0,1.0,0.5,,0.875,['count mismatch: rocket should be 1'],"{'objects': ['astronauts', 'rocket'], 'attributes': [{'object': 'astronauts', 'attribute': 'wearing spacesuits'}, {'object': 'rocket', 'attribute': 'silver'}], 'relations': [{'subject': 'astronauts', 'relation': 'standing_beside', 'object': 'rocket'}, {'subject': 'rocket', 'relation': 'in_front_of', 'object': 'astronauts'}], 'count': [{'object': 'astronauts', 'number': 2}, {'object': 'astronauts', 'number': 2}], 'ocr_text': [], 'uncertain': []}",0.36651840806007385
p0127,seed_1,Two astronauts are standing beside one silver rocket.,outputs/images/p0127/seed_1.png,True,1.0,1.0,1.0,0.5,,0.875,['count mismatch: astronaut should be 2'],"{'objects': ['astronauts', 'rocket', 'building', 'scaffolding'], 'attributes': [{'object': 'astronauts', 'attribute': 'wearing silver spacesuits'}, {'object': 'rocket', 'attribute': 'silver with NASA logo'}, {'object': 'building', 'attribute': 'large white structure'}, {'object': 'scaffolding', 'attribute': 'metal framework'}], 'relations': [{'subject': 'astronauts', 'relation': 'standing_beside', 'object': 'rocket'}, {'subject': 'scaffolding', 'relation': 'behind', 'object': 'building'}, {'subject': 'building', 'relation': 'behind', 'object': 'astronauts'}], 'count': [{'object': 'astronauts', 'number': 4}, {'object': 'rocket', 'number': 1}], 'ocr_text': ['NASA'], 'uncertain': []}",0.3167699873447418
p0127,seed_2,Two astronauts are standing beside one silver rocket.,outputs/images/p0127/seed_2.png,True,1.0,1.0,1.0,0.0,,0.75,"['count mismatch: astronaut should be 2', 'count mismatch: rocket should be 1']","{'objects': ['astronauts', 'space suits', 'rockets', 'spacecraft'], 'attributes': [{'object': 'astronauts', 'attribute': 'wearing space suits'}, {'object': 'space suits', 'attribute': 'reflective'}, {'object': 'rockets', 'attribute': 'silver'}, {'object': 'spacecraft', 'attribute': 'partially visible'}], 'relations': [{'subject': 'astronauts', 'relation': 'standing_beside', 'object': 'rockets'}, {'subject': 'astronauts', 'relation': 'standing_beside', 'object': 'spacecraft'}], 'count': [{'object': 'astronauts', 'number': 3}, {'object': 'rockets', 'number': 4}], 'ocr_text': ['MASS'], 'uncertain': [""text recognition of 'MASS'""]}",0.32757729291915894
p0127,seed_3,Two astronauts are standing beside one silver rocket.,outputs/images/p0127/seed_3.png,True,1.0,1.0,1.0,0.5,,0.875,['count mismatch: rocket should be 1'],"{'objects': ['astronauts', 'spacesuit', 'rocket', 'mountains', 'sky', 'ground'], 'attributes': [{'object': 'astronauts', 'attribute': 'wearing spacesuits'}, {'object': 'spacesuit', 'attribute': 'white with red and blue patches'}, {'object': 'rocket', 'attribute': 'silver with red stripes'}, {'object': 'mountains', 'attribute': 'distant and brown'}, {'object': 'sky', 'attribute': 'clear and blue'}, {'object': 'ground', 'attribute': 'dirt and dry'}], 'relations': [{'subject': 'astronauts', 'relation': 'standing_beside', 'object': 'rocket'}, {'subject': 'mountains', 'relation': 'behind', 'object': 'astronauts'}, {'subject': 'sky', 'relation': 'above', 'object': 'astronauts'}, {'subject': 'ground', 'relation': 'under', 'object': 'astronauts'}], 'count': [{'object': 'astronauts', 'number': 2}, {'object': 'mountains', 'number': 1}], 'ocr_text': ['USA'], 'uncertain': []}",0.35679805278778076
p0128,seed_0,Four cats are sitting on a blue sofa.,outputs/images/p0128/seed_0.png,True,1.0,0.0,1.0,0.5,,0.625,"['attribute mismatch: sofa should be blue', 'count mismatch: cat should be 4']","{'objects': ['cat', 'couch', 'wallpaper', 'bowl'], 'attributes': [{'object': 'cat', 'attribute': 'color'}, {'object': 'couch', 'attribute': 'color'}, {'object': 'wallpaper', 'attribute': 'pattern'}, {'object': 'bowl', 'attribute': 'material'}], 'relations': [{'subject': 'cat', 'relation': 'sitting_on', 'object': 'couch'}, {'subject': 'bowl', 'relation': 'in_front_of', 'object': 'cat'}], 'count': [{'object': 'cat', 'number': 5}, {'object': 'couch', 'number': 1}, {'object': 'bowl', 'number': 1}], 'ocr_text': [], 'uncertain': []}",0.3538438677787781
p0128,seed_1,Four cats are sitting on a blue sofa.,outputs/images/p0128/seed_1.png,True,1.0,0.0,0.0,0.5,,0.375,"['attribute mismatch: sofa should be blue', 'relation mismatch: cat sitting_on sofa', 'count mismatch: cat should be 4']","{'objects': ['cat', 'couch'], 'attributes': [{'object': 'cat', 'attribute': 'color', 'value': 'orange'}, {'object': 'couch', 'attribute': 'color', 'value': 'blue'}], 'relations': [{'subject': 'cat', 'relation': 'left_of', 'object': 'cat'}, {'subject': 'cat', 'relation': 'right_of', 'object': 'cat'}, {'subject': 'cat', 'relation': 'right_of', 'object': 'cat'}, {'subject': 'couch', 'relation': 'under', 'object': 'cat'}], 'count': [{'object': 'cat', 'number': 3}, {'object': 'couch', 'number': 1}], 'ocr_text': [], 'uncertain': []}",0.3571266233921051
p0128,seed_2,Four cats are sitting on a blue sofa.,outputs/images/p0128/seed_2.png,True,1.0,1.0,1.0,0.5,,0.875,['count mismatch: cat should be 4'],"{'objects': ['cat', 'couch', 'painting', 'wall', 'plant'], 'attributes': [{'object': 'cat', 'attribute': 'orange'}, {'object': 'cat', 'attribute': 'gray'}, {'object': 'cat', 'attribute': 'orange'}, {'object': 'couch', 'attribute': 'blue'}, {'object': 'painting', 'attribute': 'floral'}, {'object': 'wall', 'attribute': 'blue'}, {'object': 'plant', 'attribute': 'green'}], 'relations': [{'subject': 'cat', 'relation': 'on', 'object': 'couch'}, {'subject': 'couch', 'relation': 'in front of', 'object': 'wall'}, {'subject': 'painting', 'relation': 'on', 'object': 'wall'}, {'subject': 'plant', 'relation': 'beside', 'object': 'couch'}], 'count': [{'object': 'cat', 'number': 3}, {'object': 'couch', 'number': 1}, {'object': 'painting', 'number': 2}, {'object': 'plant', 'number': 1}], 'ocr_text': [''], 'uncertain': []}",0.349027156829834
p0128,seed_3,Four cats are sitting on a blue sofa.,outputs/images/p0128/seed_3.png,True,1.0,1.0,0.0,0.0,,0.5,"['relation mismatch: cat sitting_on sofa', 'count mismatch: cat should be 4', 'count mismatch: sofa should be 1']","{'objects': ['couch', 'cat', 'picture frame', 'vase', 'table'], 'attributes': [{'object': 'couch', 'color': 'blue'}, {'object': 'cat', 'color': 'white'}, {'object': 'cat', 'color': 'gray'}, {'object': 'cat', 'color': 'brown'}, {'object': 'picture frame', 'color': 'brown'}, {'object': 'vase', 'color': 'silver'}, {'object': 'table', 'color': 'brown'}], 'relations': [{'subject': 'couch', 'relation': 'under', 'object': 'cat'}, {'subject': 'couch', 'relation': 'beside', 'object': 'table'}, {'subject': 'table', 'relation': 'left_of', 'object': 'couch'}, {'subject': 'table', 'relation': 'right_of', 'object': 'couch'}, {'subject': 'picture frame', 'relation': 'above', 'object': 'couch'}, {'subject': 'vase', 'relation': 'on', 'object': 'table'}], 'count': [{'object': 'cat', 'number': 5}, {'object': 'picture frame', 'number': 3}, {'object': 'table', 'number': 2}], 'ocr_text': [], 'uncertain': []}",0.3255583345890045
p0129,seed_0,Two green bottles are to the left of a cup.,outputs/images/p0129/seed_0.png,True,0.5,1.0,0.0,0.0,,0.375,"['missing object: cup', 'relation mismatch: bottle left_of cup', 'count mismatch: bottle should be 2', 'count mismatch: cup should be 1']","{'objects': ['bottle', 'glass'], 'attributes': [{'object': 'bottle', 'attribute': 'green'}, {'object': 'glass', 'attribute': 'green'}], 'relations': [{'subject': 'bottle', 'relation': 'left_of', 'object': 'bottle'}, {'subject': 'bottle', 'relation': 'right_of', 'object': 'bottle'}, {'subject': 'bottle', 'relation': 'right_of', 'object': 'glass'}, {'subject': 'glass', 'relation': 'under', 'object': 'bottle'}], 'count': [{'object': 'bottle', 'number': 3}, {'object': 'glass', 'number': 3}], 'ocr_text': [], 'uncertain': []}",0.32790157198905945
p0129,seed_1,Two green bottles are to the left of a cup.,outputs/images/p0129/seed_1.png,True,0.5,0.0,0.0,0.0,,0.125,"['missing object: cup', 'attribute mismatch: bottle should be green', 'relation mismatch: bottle left_of cup', 'count mismatch: bottle should be 2', 'count mismatch: cup should be 1']","{'objects': ['bottle', 'glass'], 'attributes': [{'object': 'bottle', 'attribute': 'color', 'value': 'green'}, {'object': 'glass', 'attribute': 'color', 'value': 'green'}], 'relations': [{'subject': 'bottle', 'relation': 'left_of', 'object': 'bottle'}, {'subject': 'bottle', 'relation': 'right_of', 'object': 'bottle'}, {'subject': 'glass', 'relation': 'in_front_of', 'object': 'bottle'}], 'count': [{'object': 'bottle', 'number': 3}, {'object': 'glass', 'number': 1}], 'ocr_text': [], 'uncertain': []}",0.3343499004840851
p0129,seed_2,Two green bottles are to the left of a cup.,outputs/images/p0129/seed_2.png,True,0.5,0.0,0.0,0.0,,0.125,"['missing object: cup', 'attribute mismatch: bottle should be green', 'relation mismatch: bottle left_of cup', 'count mismatch: bottle should be 2', 'count mismatch: cup should be 1']","{'objects': ['bottle', 'glass'], 'attributes': [{'object': 'bottle', 'attribute': 'color', 'value': 'green'}, {'object': 'bottle', 'attribute': 'shape', 'value': 'cylindrical'}, {'object': 'bottle', 'attribute': 'material', 'value': 'glass'}, {'object': 'glass', 'attribute': 'color', 'value': 'clear'}, {'object': 'glass', 'attribute': 'shape', 'value': 'rectangular'}, {'object': 'glass', 'attribute': 'material', 'value': 'glass'}], 'relations': [{'subject': 'bottle', 'relation': 'left_of', 'object': 'glass'}, {'subject': 'bottle', 'relation': 'right_of', 'object': 'glass'}, {'subject': 'bottle', 'relation': 'right_of', 'object': 'bottle'}], 'count': [{'object': 'bottle', 'number': 3}, {'object': 'glass', 'number': 1}], 'ocr_text': ['VS'], 'uncertain': ['unclear text content']}",0.3662196397781372
p0129,seed_3,Two green bottles are to the left of a cup.,outputs/images/p0129/seed_3.png,True,0.5,0.0,0.0,0.0,,0.125,"['missing object: cup', 'attribute mismatch: bottle should be green', 'relation mismatch: bottle left_of cup', 'count mismatch: bottle should be 2', 'count mismatch: cup should be 1']","{'objects': ['bottle'], 'attributes': [{'object': 'bottle', 'attribute': 'color', 'value': 'green'}, {'object': 'bottle', 'attribute': 'shape', 'value': 'cylindrical'}, {'object': 'bottle', 'attribute': 'size', 'value': 'small'}, {'object': 'bottle', 'attribute': 'size', 'value': 'medium'}, {'object': 'bottle', 'attribute': 'size', 'value': 'large'}], 'relations': [{'subject': 'bottle', 'relation': 'left_of', 'object': 'bottle'}, {'subject': 'bottle', 'relation': 'right_of', 'object': 'bottle'}, {'subject': 'bottle', 'relation': 'in_front_of', 'object': 'bottle'}], 'count': [{'object': 'bottle', 'number': 3}], 'ocr_text': [], 'uncertain': []}",0.3318672180175781
p0130,seed_0,Three books are stacked on a brown desk.,outputs/images/p0130/seed_0.png,False,0.0,0.0,0.0,0.0,,0.0,"['missing object: book', 'missing object: desk', 'attribute mismatch: desk should be brown', 'relation mismatch: book on desk', 'count mismatch: book should be 3', 'count mismatch: desk should be 1']",{},0.310690701007843
p0130,seed_1,Three books are stacked on a brown desk.,outputs/images/p0130/seed_1.png,True,0.5,0.0,0.0,0.0,,0.125,"['missing object: desk', 'attribute mismatch: desk should be brown', 'relation mismatch: book on desk', 'count mismatch: book should be 3', 'count mismatch: desk should be 1']","{'objects': ['book'], 'attributes': [{'object': 'book', 'color': 'brown'}, {'object': 'book', 'color': 'beige'}, {'object': 'book', 'color': 'brown'}, {'object': 'book', 'color': 'beige'}, {'object': 'book', 'color': 'brown'}], 'relations': [{'subject': 'book', 'relation': 'stacked_on', 'object': 'book'}, {'subject': 'book', 'relation': 'stacked_on', 'object': 'book'}, {'subject': 'book', 'relation': 'stacked_on', 'object': 'book'}, {'subject': 'book', 'relation': 'stacked_on', 'object': 'book'}, {'subject': 'book', 'relation': 'stacked_on', 'object': 'book'}], 'count': [{'object': 'book', 'number': 5}], 'ocr_text': ['FIFCHI', 'Alice Carroll'], 'uncertain': ['uncertain or ambiguous visual cues']}",0.30854862928390503
p0130,seed_2,Three books are stacked on a brown desk.,outputs/images/p0130/seed_2.png,True,0.5,0.0,0.0,0.0,,0.125,"['missing object: desk', 'attribute mismatch: desk should be brown', 'relation mismatch: book on desk', 'count mismatch: book should be 3', 'count mismatch: desk should be 1']","{'objects': ['book'], 'attributes': [{'object': 'book', 'attribute': 'color'}, {'object': 'book', 'attribute': 'size'}, {'object': 'book', 'attribute': 'stacked'}], 'relations': [{'subject': 'book', 'relation': 'stacked', 'object': 'book'}], 'count': [{'object': 'book', 'number': 7}], 'ocr_text': ['uncertain'], 'uncertain': ['uncertain or ambiguous visual cues']}",0.2931501567363739
p0130,seed_3,Three books are stacked on a brown desk.,outputs/images/p0130/seed_3.png,True,0.5,0.0,0.0,0.0,,0.125,"['missing object: desk', 'attribute mismatch: desk should be brown', 'relation mismatch: book on desk', 'count mismatch: book should be 3', 'count mismatch: desk should be 1']","{'objects': ['book'], 'attributes': [{'object': 'book', 'attribute': 'color'}, {'object': 'book', 'attribute': 'thickness'}], 'relations': [{'subject': 'book', 'relation': 'stacked_on', 'object': 'book'}], 'count': [{'object': 'book', 'number': 5}], 'ocr_text': [], 'uncertain': []}",0.29349541664123535
p0131,seed_0,"A poster with the title ""AI Lab"" in large letters.",outputs/images/p0131/seed_0.png,True,0.0,,,,1.0,0.5,['missing object: poster'],"{'objects': ['text', 'background', 'circuitry'], 'attributes': [{'object': 'text', 'attribute': 'color'}, {'object': 'background', 'attribute': 'color'}, {'object': 'circuitry', 'attribute': 'color'}], 'relations': [{'subject': 'text', 'relation': 'above', 'object': 'circuitry'}], 'count': [{'object': 'text', 'number': 2}, {'object': 'circuitry', 'number': 1}], 'ocr_text': ['ALL LAB'], 'uncertain': []}",0.35633212327957153
p0131,seed_1,"A poster with the title ""AI Lab"" in large letters.",outputs/images/p0131/seed_1.png,True,0.0,,,,0.0,0.0,"['missing object: poster', 'text mismatch: expected ""AI Lab"", got [""ALL\'LAB""]']","{'objects': ['scaffolding', 'floor', 'text'], 'attributes': [{'object': 'scaffolding', 'attribute': 'metallic'}, {'object': 'floor', 'attribute': 'white'}, {'object': 'text', 'attribute': 'red'}], 'relations': [{'subject': 'scaffolding', 'relation': 'behind', 'object': 'text'}], 'count': [{'object': 'scaffolding', 'number': 1}, {'object': 'floor', 'number': 1}, {'object': 'text', 'number': 1}], 'ocr_text': [""ALL'LAB""], 'uncertain': []}",0.33337733149528503
p0131,seed_2,"A poster with the title ""AI Lab"" in large letters.",outputs/images/p0131/seed_2.png,True,0.0,,,,1.0,0.5,['missing object: poster'],"{'objects': ['head', 'circuit board'], 'attributes': [{'object': 'head', 'attribute': 'transparent'}, {'object': 'circuit board', 'attribute': 'complex'}], 'relations': [{'subject': 'head', 'relation': 'contains', 'object': 'circuit board'}], 'count': [{'object': 'circuit board', 'number': 1}], 'ocr_text': ['ALLAB'], 'uncertain': []}",0.3417332172393799
p0131,seed_3,"A poster with the title ""AI Lab"" in large letters.",outputs/images/p0131/seed_3.png,True,0.0,,,,1.0,0.5,['missing object: poster'],"{'objects': ['pipes', 'valves', 'cylinders', 'text'], 'attributes': [{'object': 'pipes', 'attribute': 'color', 'value': 'red'}, {'object': 'valves', 'attribute': 'color', 'value': 'white'}, {'object': 'cylinders', 'attribute': 'color', 'value': 'red'}, {'object': 'text', 'attribute': 'font', 'value': 'bold'}], 'relations': [{'subject': 'text', 'relation': 'in_front_of', 'object': 'cylinders'}], 'count': [{'object': 'text', 'number': 1}], 'ocr_text': ['A Lab'], 'uncertain': []}",0.3829227685928345
p0132,seed_0,"A coffee cup with the words ""Good Day"" printed on it.",outputs/images/p0132/seed_0.png,True,1.0,,,,1.0,1.0,[],"{'objects': ['coffee cup', 'text'], 'attributes': [{'object': 'coffee cup', 'attribute': 'white'}, {'object': 'coffee cup', 'attribute': 'filled with coffee'}], 'relations': [{'subject': 'text', 'relation': 'above', 'object': 'coffee cup'}], 'count': [{'object': 'coffee cup', 'number': 1}, {'object': 'text', 'number': 1}], 'ocr_text': ['GOOD day'], 'uncertain': []}",0.3373754620552063
p0132,seed_1,"A coffee cup with the words ""Good Day"" printed on it.",outputs/images/p0132/seed_1.png,True,1.0,,,,1.0,1.0,[],"{'objects': ['mug'], 'attributes': [{'object': 'mug', 'attribute': 'color', 'value': 'white'}, {'object': 'mug', 'attribute': 'text_color', 'value': 'red'}, {'object': 'mug', 'attribute': 'text', 'value': 'Good Day'}, {'object': 'mug', 'attribute': 'handle', 'value': 'right'}], 'relations': [], 'count': [{'object': 'mug', 'number': 1}], 'ocr_text': ['Good Day'], 'uncertain': []}",0.36301857233047485
p0132,seed_2,"A coffee cup with the words ""Good Day"" printed on it.",outputs/images/p0132/seed_2.png,True,1.0,,,,1.0,1.0,[],"{'objects': ['mug'], 'attributes': [{'object': 'mug', 'color': 'white'}, {'object': 'mug', 'text': 'GOOD DAY'}], 'relations': [{'subject': 'mug', 'relation': 'on', 'object': 'table'}], 'count': [{'object': 'mug', 'number': 1}], 'ocr_text': ['GOOD DAY'], 'uncertain': []}",0.3790261745452881
p0132,seed_3,"A coffee cup with the words ""Good Day"" printed on it.",outputs/images/p0132/seed_3.png,True,1.0,,,,1.0,1.0,[],"{'objects': ['coffee cup', 'phone'], 'attributes': [{'object': 'coffee cup', 'attribute': 'color', 'value': 'white'}, {'object': 'coffee cup', 'attribute': 'text', 'value': 'GOOD DAY'}, {'object': 'coffee cup', 'attribute': 'lid', 'value': 'white'}], 'relations': [{'subject': 'coffee cup', 'relation': 'on', 'object': 'table'}], 'count': [{'object': 'coffee cup', 'number': 1}, {'object': 'phone', 'number': 1}], 'ocr_text': ['GOOD DAY'], 'uncertain': []}",0.39099928736686707
p0133,seed_0,"A street sign that says ""Main Street"".",outputs/images/p0133/seed_0.png,True,1.0,,,,0.0,0.5,"['text mismatch: expected ""Main Street"", got [\'Miuu Britin\', \'Wial\', \'O STREET\', \'MANNER\']']","{'objects': ['street sign', 'building'], 'attributes': [{'object': 'street sign', 'attribute': 'text'}, {'object': 'building', 'attribute': 'brick'}], 'relations': [{'subject': 'street sign', 'relation': 'attached_to', 'object': 'building'}, {'subject': 'building', 'relation': 'behind', 'object': 'street sign'}], 'count': [{'object': 'street sign', 'number': 2}], 'ocr_text': ['Miuu Britin', 'Wial', 'O STREET', 'MANNER'], 'uncertain': [""unclear spelling of 'Miuu Britin' and 'Wial'""]}",0.26716578006744385
p0133,seed_1,"A street sign that says ""Main Street"".",outputs/images/p0133/seed_1.png,True,1.0,,,,1.0,1.0,[],"{'objects': ['street sign', 'building'], 'attributes': [{'object': 'street sign', 'attribute': 'black'}, {'object': 'street sign', 'attribute': 'white text'}, {'object': 'building', 'attribute': 'tall'}], 'relations': [{'subject': 'street sign', 'relation': 'attached_to', 'object': 'pole'}], 'count': [{'object': 'street sign', 'number': 1}, {'object': 'building', 'number': 1}], 'ocr_text': ['MAIN SET'], 'uncertain': []}",0.31168225407600403
p0133,seed_2,"A street sign that says ""Main Street"".",outputs/images/p0133/seed_2.png,True,1.0,,,,1.0,1.0,[],"{'objects': ['signpost', 'building'], 'attributes': [{'object': 'signpost', 'attribute': 'color', 'value': 'green'}, {'object': 'signpost', 'attribute': 'shape', 'value': 'pole'}], 'relations': [{'subject': 'signpost', 'relation': 'holding', 'object': 'sign'}], 'count': [{'object': 'sign', 'number': 3}], 'ocr_text': ['RED MAN', 'MAIN STREET'], 'uncertain': []}",0.3156523108482361
p0133,seed_3,"A street sign that says ""Main Street"".",outputs/images/p0133/seed_3.png,True,1.0,,,,1.0,1.0,[],"{'objects': ['street sign', 'building', 'pole'], 'attributes': [{'object': 'street sign', 'attribute': 'text'}, {'object': 'building', 'attribute': 'brick'}, {'object': 'pole', 'attribute': 'metal'}], 'relations': [{'subject': 'street sign', 'relation': 'attached_to', 'object': 'pole'}, {'subject': 'building', 'relation': 'behind', 'object': 'street sign'}], 'count': [{'object': 'street sign', 'number': 2}, {'object': 'building', 'number': 1}], 'ocr_text': ['MAIN SREET', 'Mar Steet MAIN TRET'], 'uncertain': [""unclear spelling of 'SREET' and 'TRET'""]}",0.3060402572154999
p0134,seed_0,"A book cover with the title ""Deep Space"".",outputs/images/p0134/seed_0.png,True,0.0,,,,0.0,0.0,"['missing object: book', 'text mismatch: expected ""Deep Space"", got [\'SEPACE\']']","{'objects': ['spaceship', 'rocket', 'planets', 'stars', 'text'], 'attributes': [{'object': 'spaceship', 'attribute': 'flying'}, {'object': 'rocket', 'attribute': 'launching'}, {'object': 'planets', 'attribute': 'orbital'}, {'object': 'stars', 'attribute': 'shining'}, {'object': 'text', 'attribute': 'bold'}], 'relations': [{'subject': 'spaceship', 'relation': 'above', 'object': 'rocket'}, {'subject': 'rocket', 'relation': 'in_front_of', 'object': 'text'}, {'subject': 'text', 'relation': 'above', 'object': 'planets'}, {'subject': 'planets', 'relation': 'surrounding', 'object': 'stars'}], 'count': [{'object': 'spaceship', 'number': 1}, {'object': 'rocket', 'number': 1}, {'object': 'planets', 'number': 7}, {'object': 'stars', 'number': 10}], 'ocr_text': ['SEPACE'], 'uncertain': [""misspelling of 'SEPACE'""]}",0.32093381881713867
p0134,seed_1,"A book cover with the title ""Deep Space"".",outputs/images/p0134/seed_1.png,True,0.0,,,,1.0,0.5,['missing object: book'],"{'objects': ['astronaut', 'space', 'planets', 'sun'], 'attributes': [{'object': 'astronaut', 'attribute': 'wearing space suit'}, {'object': 'space', 'attribute': 'dark with stars'}, {'object': 'planets', 'attribute': 'various sizes and colors'}, {'object': 'sun', 'attribute': 'orange and bright'}], 'relations': [{'subject': 'astronaut', 'relation': 'holding', 'object': 'space suit'}, {'subject': 'planets', 'relation': 'floating', 'object': 'space'}, {'subject': 'sun', 'relation': 'left_of', 'object': 'astronaut'}], 'count': [{'object': 'planets', 'number': 4}, {'object': 'stars', 'number': 'many'}], 'ocr_text': ['DEEP SPACE', 'leepmllaur'], 'uncertain': ['misspelled text']}",0.32361936569213867
p0134,seed_2,"A book cover with the title ""Deep Space"".",outputs/images/p0134/seed_2.png,True,0.0,,,,1.0,0.5,['missing object: book'],"{'objects': ['spaceship', 'astronaut', 'planets', 'space'], 'attributes': [{'object': 'spaceship', 'attribute': 'orange'}, {'object': 'astronaut', 'attribute': 'white spacesuit'}, {'object': 'planets', 'attribute': 'various colors'}, {'object': 'space', 'attribute': 'dark with stars'}], 'relations': [{'subject': 'astronaut', 'relation': 'standing_beside', 'object': 'spaceship'}, {'subject': 'planets', 'relation': 'floating_in', 'object': 'space'}], 'count': [{'object': 'planets', 'number': 8}], 'ocr_text': ['DEEP SPACEE'], 'uncertain': [""misspelling of 'SPACEE'""]}",0.3563179075717926
p0134,seed_3,"A book cover with the title ""Deep Space"".",outputs/images/p0134/seed_3.png,True,0.0,,,,0.0,0.0,"['missing object: book', 'text mismatch: expected ""Deep Space"", got [\'DEEP SLEEP SPAAC OGENI USKREBNIE\']']","{'objects': ['astronauts', 'spacecraft', 'planets', 'space'], 'attributes': [{'object': 'astronauts', 'attribute': 'wearing spacesuits'}, {'object': 'spacecraft', 'attribute': 'hovering'}, {'object': 'planets', 'attribute': 'orbital'}, {'object': 'space', 'attribute': 'dark'}], 'relations': [{'subject': 'astronauts', 'relation': 'standing_in_front_of', 'object': 'spacecraft'}, {'subject': 'astronauts', 'relation': 'standing_in_front_of', 'object': 'planets'}, {'subject': 'spacecraft', 'relation': 'hovering_over', 'object': 'space'}], 'count': [{'object': 'astronauts', 'number': 3}, {'object': 'spacecraft', 'number': 1}, {'object': 'planets', 'number': 5}], 'ocr_text': ['DEEP SLEEP SPAAC OGENI USKREBNIE'], 'uncertain': ['misspelled text']}",0.2678702771663666
p0135,seed_0,"A poster that reads ""Future City"".",outputs/images/p0135/seed_0.png,True,0.0,,,,0.0,0.0,"['missing object: poster', 'text mismatch: expected ""Future City"", got [\'SERIOU\']']","{'objects': ['skyscrapers', 'road', 'cars', 'sky'], 'attributes': [{'object': 'skyscrapers', 'attribute': 'tall'}, {'object': 'road', 'attribute': 'straight'}, {'object': 'cars', 'attribute': 'moving'}, {'object': 'sky', 'attribute': 'sunset'}], 'relations': [{'subject': 'skyscrapers', 'relation': 'left_of', 'object': 'road'}, {'subject': 'road', 'relation': 'right_of', 'object': 'skyscrapers'}, {'subject': 'cars', 'relation': 'on', 'object': 'road'}, {'subject': 'sky', 'relation': 'behind', 'object': 'skyscrapers'}], 'count': [{'object': 'skyscrapers', 'number': 10}, {'object': 'cars', 'number': 2}], 'ocr_text': ['SERIOU'], 'uncertain': ['unclear text on car']}",0.33645153045654297
p0135,seed_1,"A poster that reads ""Future City"".",outputs/images/p0135/seed_1.png,True,0.0,,,,1.0,0.5,['missing object: poster'],"{'objects': ['skyscrapers', 'cityscape', 'text'], 'attributes': [{'object': 'skyscrapers', 'attribute': 'tall'}, {'object': 'cityscape', 'attribute': 'dystopian'}, {'object': 'text', 'attribute': 'bold'}], 'relations': [{'subject': 'skyscrapers', 'relation': 'clustered', 'object': 'cityscape'}, {'subject': 'text', 'relation': 'below', 'object': 'skyscrapers'}], 'count': [{'object': 'skyscrapers', 'number': 10}], 'ocr_text': ['FUTURECITY'], 'uncertain': []}",0.3659147620201111
p0135,seed_2,"A poster that reads ""Future City"".",outputs/images/p0135/seed_2.png,True,0.0,,,,0.0,0.0,"['missing object: poster', 'text mismatch: expected ""Future City"", got [\'A\']']","{'objects': ['cityscape', 'canal', 'buildings', 'flying vehicles', 'watercrafts', 'trees', 'sky'], 'attributes': [{'object': 'cityscape', 'attribute': 'utopian'}, {'object': 'canal', 'attribute': 'reflective'}, {'object': 'buildings', 'attribute': 'tall'}, {'object': 'flying vehicles', 'attribute': 'hovering'}, {'object': 'watercrafts', 'attribute': 'floating'}, {'object': 'trees', 'attribute': 'green'}, {'object': 'sky', 'attribute': 'orange'}], 'relations': [{'subject': 'canal', 'relation': 'in_front_of', 'object': 'buildings'}, {'subject': 'flying vehicles', 'relation': 'above', 'object': 'buildings'}, {'subject': 'watercrafts', 'relation': 'on', 'object': 'canal'}, {'subject': 'trees', 'relation': 'beside', 'object': 'canal'}], 'count': [{'object': 'flying vehicles', 'number': 7}, {'object': 'watercrafts', 'number': 3}], 'ocr_text': ['A'], 'uncertain': ['unclear text']}",0.3272959589958191
p0135,seed_3,"A poster that reads ""Future City"".",outputs/images/p0135/seed_3.png,True,1.0,,,,0.0,0.5,"['text mismatch: expected ""Future City"", got [\'US\', \'S\']']","{'objects': ['skyscrapers', 'flying vehicles', 'buildings', 'monumental structure', 'road', 'trees', 'billboards', 'sculptures'], 'attributes': [{'object': 'skyscrapers', 'attribute': 'tall'}, {'object': 'flying vehicles', 'attribute': 'hovering'}, {'object': 'buildings', 'attribute': 'modern'}, {'object': 'monumental structure', 'attribute': 'large'}, {'object': 'road', 'attribute': 'wide'}, {'object': 'trees', 'attribute': 'green'}, {'object': 'billboards', 'attribute': 'advertising'}, {'object': 'sculptures', 'attribute': 'unique'}], 'relations': [{'subject': 'skyscrapers', 'relation': 'surrounding', 'object': 'flying vehicles'}, {'subject': 'monumental structure', 'relation': 'in_front_of', 'object': 'road'}, {'subject': 'trees', 'relation': 'beside', 'object': 'road'}, {'subject': 'billboards', 'relation': 'on', 'object': 'buildings'}], 'count': [{'object': 'flying vehicles', 'number': 3}, {'object': 'trees', 'number': 7}, {'object': 'billboards', 'number': 2}], 'ocr_text': ['US', 'S'], 'uncertain': ['unclear text on billboards']}",0.3183397054672241
p0136,seed_0,"A red banner with the text ""Open Now"".",outputs/images/p0136/seed_0.png,True,0.0,0.0,,,0.0,0.0,"['missing object: banner', 'attribute mismatch: banner should be red', 'text mismatch: expected ""Open Now"", got [\'OPEN\\nW THV:\\nONOW\']']","{'objects': ['signboard'], 'attributes': [{'object': 'signboard', 'attribute': 'color', 'value': 'red'}, {'object': 'signboard', 'attribute': 'text_color', 'value': 'white'}], 'relations': [{'subject': 'signboard', 'relation': 'has_text', 'object': 'text'}], 'count': [{'object': 'lines', 'number': 0}, {'object': 'letters', 'number': 17}], 'ocr_text': ['OPEN\nW THV:\nONOW'], 'uncertain': []}",0.336129754781723
p0136,seed_1,"A red banner with the text ""Open Now"".",outputs/images/p0136/seed_1.png,True,0.0,0.0,,,1.0,0.3333333333333333,"['missing object: banner', 'attribute mismatch: banner should be red']","{'objects': ['signboard'], 'attributes': [{'object': 'signboard', 'attribute': 'text_color', 'value': 'red'}, {'object': 'signboard', 'attribute': 'background_color', 'value': 'white'}, {'object': 'signboard', 'attribute': 'frame_color', 'value': 'red'}], 'relations': [{'subject': 'signboard', 'relation': 'hanging_from', 'object': 'wall'}], 'count': [{'object': 'signboard', 'number': 1}], 'ocr_text': ['OPPEN NOW', 'Oppen: Now, Nows tot.... Firone is Now'], 'uncertain': [""misspelling of 'Firone'""]}",0.373273104429245
p0136,seed_2,"A red banner with the text ""Open Now"".",outputs/images/p0136/seed_2.png,True,0.0,0.0,,,1.0,0.3333333333333333,"['missing object: banner', 'attribute mismatch: banner should be red']","{'objects': ['hallway', 'sign'], 'attributes': [{'object': 'hallway', 'attribute': 'red'}, {'object': 'sign', 'attribute': 'red'}], 'relations': [{'subject': 'sign', 'relation': 'above', 'object': 'hallway'}], 'count': [{'object': 'sign', 'number': 1}], 'ocr_text': ['OPEN', 'NOW NOW'], 'uncertain': []}",0.34357786178588867
p0136,seed_3,"A red banner with the text ""Open Now"".",outputs/images/p0136/seed_3.png,True,0.0,0.0,,,1.0,0.3333333333333333,"['missing object: banner', 'attribute mismatch: banner should be red']","{'objects': ['building', 'signboard', 'roller shutter'], 'attributes': [{'object': 'building', 'attribute': 'gray'}, {'object': 'signboard', 'attribute': 'red'}, {'object': 'roller shutter', 'attribute': 'red'}], 'relations': [{'subject': 'signboard', 'relation': 'above', 'object': 'roller shutter'}, {'subject': 'roller shutter', 'relation': 'in_front_of', 'object': 'building'}], 'count': [{'object': 'signboards', 'number': 2}, {'object': 'roller shutters', 'number': 1}], 'ocr_text': ['OPENNOWW', 'OPEN NOW'], 'uncertain': [""misspelling of 'OPENNOWW'""]}",0.3471621870994568
p0137,seed_0,"A white card with the words ""Mars 2040"".",outputs/images/p0137/seed_0.png,True,0.0,0.0,,,1.0,0.3333333333333333,"['missing object: card', 'attribute mismatch: card should be white']","{'objects': ['book'], 'attributes': [{'object': 'book', 'attribute': 'color', 'value': 'white'}, {'object': 'book', 'attribute': 'image', 'value': 'Mars'}], 'relations': [{'subject': 'book', 'relation': 'left_of', 'object': 'book'}], 'count': [{'object': 'book', 'number': 2}], 'ocr_text': ['MARS20', 'MAIR 20', 'ELHAPI.COM', 'CUNESCAM 20', 'METITIGX'], 'uncertain': ['uncertain or ambiguous visual cues']}",0.3264040946960449
p0137,seed_1,"A white card with the words ""Mars 2040"".",outputs/images/p0137/seed_1.png,True,1.0,0.0,,,0.0,0.3333333333333333,"['attribute mismatch: card should be white', 'text mismatch: expected ""Mars 2040"", got [\'AMARIS-MO2 MARSO\', \'M X O\']']","{'objects': ['card'], 'attributes': [{'object': 'card', 'attribute': 'color', 'value': 'white'}, {'object': 'card', 'attribute': 'border_color', 'value': 'red'}], 'relations': [{'subject': 'card', 'relation': 'has', 'object': 'text'}, {'subject': 'card', 'relation': 'has', 'object': 'map'}], 'count': [{'object': 'text', 'number': 1}, {'object': 'map', 'number': 1}], 'ocr_text': ['AMARIS-MO2 MARSO', 'M X O'], 'uncertain': []}",0.31861642003059387
p0137,seed_2,"A white card with the words ""Mars 2040"".",outputs/images/p0137/seed_2.png,True,0.0,0.0,,,1.0,0.3333333333333333,"['missing object: card', 'attribute mismatch: card should be white']","{'objects': ['book cover'], 'attributes': [{'object': 'book cover', 'attribute': 'image of Mars'}, {'object': 'book cover', 'attribute': 'text MAR. 20'}, {'object': 'book cover', 'attribute': 'text Mairs, 204'}], 'relations': [{'subject': 'book cover', 'relation': 'contains', 'object': 'Mars image'}, {'subject': 'book cover', 'relation': 'contains', 'object': 'text MAR. 20'}, {'subject': 'book cover', 'relation': 'contains', 'object': 'text Mairs, 204'}], 'count': [{'object': 'Mars image', 'number': 1}, {'object': 'text MAR. 20', 'number': 1}, {'object': 'text Mairs, 204', 'number': 1}], 'ocr_text': ['MAR. 20', 'Mairs, 204'], 'uncertain': []}",0.3454795479774475
p0137,seed_3,"A white card with the words ""Mars 2040"".",outputs/images/p0137/seed_3.png,True,1.0,0.0,,,1.0,0.6666666666666666,['attribute mismatch: card should be white'],"{'objects': ['folded card', 'surface'], 'attributes': [{'object': 'folded card', 'attribute': 'image of Mars'}, {'object': 'surface', 'attribute': 'tan'}], 'relations': [{'subject': 'folded card', 'relation': 'on', 'object': 'surface'}], 'count': [{'object': 'folded card', 'number': 1}], 'ocr_text': ['MAATOS', '7CO2NGS', 'Mars 20'], 'uncertain': []}",0.3282218873500824
p0138,seed_0,"A shop sign displaying ""Fresh Food"".",outputs/images/p0138/seed_0.png,True,0.5,,,,0.0,0.25,"['missing object: shop', 'text mismatch: expected ""Fresh Food"", got [\'FRESH LLESTH FOOD FIER HOLD 029\']']","{'objects': ['storefront', 'vegetables', 'signboard', 'sidewalk', 'trees', 'cars'], 'attributes': [{'object': 'storefront', 'attribute': 'displaying fresh produce'}, {'object': 'vegetables', 'attribute': 'various types of vegetables'}, {'object': 'signboard', 'attribute': 'white background with red and green text'}, {'object': 'sidewalk', 'attribute': 'paved surface'}, {'object': 'trees', 'attribute': 'green leaves'}, {'object': 'cars', 'attribute': 'parked vehicles'}], 'relations': [{'subject': 'vegetables', 'relation': 'in front of', 'object': 'storefront'}, {'subject': 'signboard', 'relation': 'attached to', 'object': 'storefront'}, {'subject': 'sidewalk', 'relation': 'adjacent to', 'object': 'storefront'}, {'subject': 'trees', 'relation': 'behind', 'object': 'sidewalk'}, {'subject': 'cars', 'relation': 'behind', 'object': 'sidewalk'}], 'count': [{'object': 'vegetables', 'number': 1}, {'object': 'signboard', 'number': 1}, {'object': 'sidewalk', 'number': 1}, {'object': 'trees', 'number': 1}, {'object': 'cars', 'number': 2}], 'ocr_text': ['FRESH LLESTH FOOD FIER HOLD 029'], 'uncertain': ['misspelled text on signboard']}",0.32299113273620605
p0138,seed_1,"A shop sign displaying ""Fresh Food"".",outputs/images/p0138/seed_1.png,True,0.5,,,,1.0,0.75,['missing object: shop'],"{'objects': ['vegetables', 'fruits', 'signboard'], 'attributes': [{'object': 'vegetables', 'attribute': 'green'}, {'object': 'fruits', 'attribute': 'orange'}, {'object': 'signboard', 'attribute': 'text'}], 'relations': [{'subject': 'vegetables', 'relation': 'above', 'object': 'fruits'}, {'subject': 'fruits', 'relation': 'above', 'object': 'vegetables'}, {'subject': 'signboard', 'relation': 'above', 'object': 'vegetables'}, {'subject': 'signboard', 'relation': 'above', 'object': 'fruits'}], 'count': [{'object': 'vegetables', 'number': 1}, {'object': 'fruits', 'number': 1}, {'object': 'signboard', 'number': 1}], 'ocr_text': ['Lleson', 'FRESH FOOD', 'FRESH FOOD'], 'uncertain': []}",0.3906708061695099
p0138,seed_2,"A shop sign displaying ""Fresh Food"".",outputs/images/p0138/seed_2.png,True,0.5,,,,0.0,0.25,"['missing object: shop', 'text mismatch: expected ""Fresh Food"", got [\'Ferssh\', \'sharpayod\', \'94-257\']']","{'objects': ['signboard', 'vegetables'], 'attributes': [{'object': 'signboard', 'attribute': 'text_color'}, {'object': 'vegetables', 'attribute': 'color'}], 'relations': [{'subject': 'signboard', 'relation': 'above', 'object': 'vegetables'}], 'count': [{'object': 'vegetables', 'number': 1}], 'ocr_text': ['Ferssh', 'sharpayod', '94-257'], 'uncertain': ['text_color', 'text_content']}",0.37398964166641235
p0138,seed_3,"A shop sign displaying ""Fresh Food"".",outputs/images/p0138/seed_3.png,True,0.5,,,,0.0,0.25,"['missing object: shop', 'text mismatch: expected ""Fresh Food"", got [\'Fresh\']']","{'objects': ['storefront', 'window display', 'vegetables', 'fruits', 'signboard'], 'attributes': [{'object': 'storefront', 'attribute': 'color'}, {'object': 'window display', 'attribute': 'contents'}, {'object': 'vegetables', 'attribute': 'type'}, {'object': 'fruits', 'attribute': 'type'}, {'object': 'signboard', 'attribute': 'text'}], 'relations': [{'subject': 'window display', 'relation': 'in front of', 'object': 'storefront'}, {'subject': 'vegetables', 'relation': 'in window display', 'object': 'window display'}, {'subject': 'fruits', 'relation': 'in window display', 'object': 'window display'}, {'subject': 'signboard', 'relation': 'above', 'object': 'window display'}], 'count': [{'object': 'vegetables', 'number': 0}, {'object': 'fruits', 'number': 0}], 'ocr_text': ['Fresh'], 'uncertain': []}",0.3405599892139435
p0139,seed_0,"A blue notebook with the text ""Study Plan"".",outputs/images/p0139/seed_0.png,True,1.0,1.0,,,1.0,1.0,[],"{'objects': ['notebook', 'pen', 'mug'], 'attributes': [{'object': 'notebook', 'attribute': 'open'}, {'object': 'notebook', 'attribute': 'spiral binding'}, {'object': 'notebook', 'attribute': 'blue cover'}, {'object': 'pen', 'attribute': 'yellow'}, {'object': 'mug', 'attribute': 'white with yellow handle'}], 'relations': [{'subject': 'notebook', 'relation': 'left_of', 'object': 'mug'}, {'subject': 'notebook', 'relation': 'right_of', 'object': 'pen'}], 'count': [{'object': 'lines', 'number': 3}, {'object': 'text', 'number': 2}], 'ocr_text': ['Study Plan', 'Lunch'], 'uncertain': []}",0.3265204131603241
p0139,seed_1,"A blue notebook with the text ""Study Plan"".",outputs/images/p0139/seed_1.png,True,1.0,1.0,,,0.0,0.6666666666666666,"['text mismatch: expected ""Study Plan"", got [\'HOGCASTALL PLN\', ""D\'IRB"", \'ZKRAK\', \'UP HAD IM\', \'ITANITGESTONY\', \'AN YETTA GDRH\', \'CHSHI\', \'MULAH\', \'JOWCAPEFOBOEMHI\', \'UNMA\', \'TURRZ\', \'ACCESSORY SHCNEQ\', \'LANAT\', \'TADYT\']']","{'objects': ['notebook'], 'attributes': [{'object': 'notebook', 'attribute': 'spiral binding'}, {'object': 'notebook', 'attribute': 'blue cover'}], 'relations': [{'subject': 'notebook', 'relation': 'open', 'object': 'left page'}, {'subject': 'notebook', 'relation': 'open', 'object': 'right page'}], 'count': [{'object': 'lines', 'number': 10}, {'object': 'pages', 'number': 2}], 'ocr_text': ['HOGCASTALL PLN', ""D'IRB"", 'ZKRAK', 'UP HAD IM', 'ITANITGESTONY', 'AN YETTA GDRH', 'CHSHI', 'MULAH', 'JOWCAPEFOBOEMHI', 'UNMA', 'TURRZ', 'ACCESSORY SHCNEQ', 'LANAT', 'TADYT'], 'uncertain': ['some text may be misspelled or unclear']}",0.3200070858001709
p0139,seed_2,"A blue notebook with the text ""Study Plan"".",outputs/images/p0139/seed_2.png,True,1.0,1.0,,,1.0,1.0,[],"{'objects': ['notebook', 'pen', 'keyboard', 'mouse'], 'attributes': [{'object': 'notebook', 'attribute': 'light blue cover'}, {'object': 'pen', 'attribute': 'blue body'}, {'object': 'keyboard', 'attribute': 'blue keys'}, {'object': 'mouse', 'attribute': 'white with black cord'}], 'relations': [{'subject': 'notebook', 'relation': 'above', 'object': 'desk'}, {'subject': 'pen', 'relation': 'left_of', 'object': 'notebook'}, {'subject': 'keyboard', 'relation': 'right_of', 'object': 'notebook'}, {'subject': 'mouse', 'relation': 'left_of', 'object': 'notebook'}], 'count': [{'object': 'pen', 'number': 2}, {'object': 'keyboard', 'number': 1}, {'object': 'mouse', 'number': 1}], 'ocr_text': ['study plan'], 'uncertain': []}",0.3317025601863861
p0139,seed_3,"A blue notebook with the text ""Study Plan"".",outputs/images/p0139/seed_3.png,True,1.0,0.0,,,1.0,0.6666666666666666,['attribute mismatch: notebook should be blue'],"{'objects': ['notebook', 'pen', 'mug', 'pencil holder', 'clipboard', 'glove', 'keyboard'], 'attributes': [{'object': 'notebook', 'color': 'white'}, {'object': 'pen', 'color': 'blue'}, {'object': 'mug', 'color': 'blue'}, {'object': 'pencil holder', 'color': 'black'}, {'object': 'clipboard', 'color': 'green'}, {'object': 'glove', 'color': 'gray'}, {'object': 'keyboard', 'color': 'black'}], 'relations': [{'subject': 'notebook', 'relation': 'left_of', 'object': 'mug'}, {'subject': 'notebook', 'relation': 'right_of', 'object': 'pencil holder'}, {'subject': 'notebook', 'relation': 'above', 'object': 'clipboard'}, {'subject': 'notebook', 'relation': 'above', 'object': 'glove'}, {'subject': 'notebook', 'relation': 'above', 'object': 'keyboard'}], 'count': [{'object': 'pens', 'number': 1}, {'object': 'pencils', 'number': 1}], 'ocr_text': ['study plan', 'study plan'], 'uncertain': []}",0.31117284297943115
p0140,seed_0,"A warning sign that says ""Keep Out"".",outputs/images/p0140/seed_0.png,True,1.0,,,,1.0,1.0,[],"{'objects': ['signboard', 'brick wall'], 'attributes': [{'object': 'signboard', 'attribute': 'text'}, {'object': 'brick wall', 'attribute': 'material'}], 'relations': [{'subject': 'signboard', 'relation': 'attached_to', 'object': 'brick wall'}], 'count': [{'object': 'bolts', 'number': 2}, {'object': 'locks', 'number': 1}], 'ocr_text': ['KEEP OUT YOM OUT\nIN AL ORNGING. F HRTOURCORE OFT ORDLES\nNMAFONG MNE KNEE ONT ONIT.'], 'uncertain': ['unclear text due to misspellings and unclear OCR']}",0.3093070983886719
p0140,seed_1,"A warning sign that says ""Keep Out"".",outputs/images/p0140/seed_1.png,True,1.0,,,,1.0,1.0,[],"{'objects': ['warning sign'], 'attributes': [{'object': 'warning sign', 'attribute': 'color'}, {'object': 'warning sign', 'attribute': 'text'}], 'relations': [], 'count': [{'object': 'lines on sign', 'number': 3}, {'object': 'letters on sign', 'number': 17}], 'ocr_text': ['WARNING KEEP OUT'], 'uncertain': []}",0.33025380969047546
p0140,seed_2,"A warning sign that says ""Keep Out"".",outputs/images/p0140/seed_2.png,True,1.0,,,,1.0,1.0,[],"{'objects': ['signboard', 'fence'], 'attributes': [{'object': 'signboard', 'attribute': 'red'}, {'object': 'signboard', 'attribute': 'white'}, {'object': 'fence', 'attribute': 'chain-link'}], 'relations': [{'subject': 'signboard', 'relation': 'attached_to', 'object': 'fence'}], 'count': [{'object': 'signboard', 'number': 2}], 'ocr_text': ['WARNING KEEP OUT', 'WARRING OUT', 'KEEP RAILWEL'], 'uncertain': [""misspelling of 'WARRING' and 'RAILWEL'""]}",0.31995078921318054
p0140,seed_3,"A warning sign that says ""Keep Out"".",outputs/images/p0140/seed_3.png,True,1.0,,,,1.0,1.0,[],"{'objects': ['signboard', 'fence'], 'attributes': [{'object': 'signboard', 'attribute': 'text'}, {'object': 'fence', 'attribute': 'metal'}], 'relations': [{'subject': 'signboard', 'relation': 'attached_to', 'object': 'fence'}], 'count': [{'object': 'bolts', 'number': 4}], 'ocr_text': [""WARNING\nKeep Out\nKEEP OUT\n#MAMANAEHP HABOENHWM\nDOSLAF-OLLOOTU' MADOOBAPPE\nOnoovise Wiikongser""], 'uncertain': ['unclear text in bottom part of signboard']}",0.3271033763885498
p0141,seed_0,"A red robot holding a blue umbrella, standing to the left of a yellow car. The poster title says ""Future City"".",outputs/images/p0141/seed_0.png,True,0.6666666666666666,0.6666666666666666,0.0,,0.0,0.3333333333333333,"['missing object: umbrella', 'attribute mismatch: umbrella should be blue', 'relation mismatch: robot holding umbrella', 'relation mismatch: robot left_of car', 'text mismatch: expected ""Future City"", got [\'包饭\']']","{'objects': ['robot', 'car', 'building'], 'attributes': [{'object': 'robot', 'attribute': 'red'}, {'object': 'car', 'attribute': 'yellow'}, {'object': 'building', 'attribute': 'tall'}], 'relations': [{'subject': 'robot', 'relation': 'standing_beside', 'object': 'car'}, {'subject': 'car', 'relation': 'in_front_of', 'object': 'building'}], 'count': [{'object': 'robot', 'number': 1}, {'object': 'car', 'number': 2}, {'object': 'building', 'number': 1}], 'ocr_text': ['包饭'], 'uncertain': ['unclear text on other signs']}",0.37343841791152954
p0141,seed_1,"A red robot holding a blue umbrella, standing to the left of a yellow car. The poster title says ""Future City"".",outputs/images/p0141/seed_1.png,True,1.0,0.6666666666666666,0.5,,0.0,0.5416666666666666,"['attribute mismatch: umbrella should be blue', 'relation mismatch: robot left_of car', 'text mismatch: expected ""Future City"", got []']","{'objects': ['robot', 'car', 'umbrella', 'cityscape'], 'attributes': [{'object': 'robot', 'color': 'red'}, {'object': 'car', 'color': 'yellow'}, {'object': 'umbrella', 'color': 'red'}, {'object': 'cityscape', 'color': 'yellow'}], 'relations': [{'subject': 'robot', 'relation': 'holding', 'object': 'umbrella'}, {'subject': 'robot', 'relation': 'riding', 'object': 'car'}, {'subject': 'car', 'relation': 'under', 'object': 'robot'}], 'count': [{'object': 'robot', 'number': 1}, {'object': 'car', 'number': 2}, {'object': 'umbrella', 'number': 1}], 'ocr_text': [], 'uncertain': []}",0.3921104073524475
p0141,seed_2,"A red robot holding a blue umbrella, standing to the left of a yellow car. The poster title says ""Future City"".",outputs/images/p0141/seed_2.png,True,0.6666666666666666,0.3333333333333333,0.0,,0.0,0.25,"['missing object: umbrella', 'attribute mismatch: umbrella should be blue', 'attribute mismatch: car should be yellow', 'relation mismatch: robot holding umbrella', 'relation mismatch: robot left_of car', 'text mismatch: expected ""Future City"", got [\'RARMET NOVODON\']']","{'objects': ['robot', 'car', 'person', 'building'], 'attributes': [{'object': 'robot', 'color': 'red'}, {'object': 'car', 'color': 'blue'}, {'object': 'person', 'action': 'holding umbrella'}, {'object': 'building', 'color': 'various'}], 'relations': [{'subject': 'robot', 'relation': 'standing', 'object': 'car'}, {'subject': 'person', 'relation': 'holding', 'object': 'umbrella'}, {'subject': 'car', 'relation': 'in_front_of', 'object': 'robot'}], 'count': [{'object': 'car', 'number': 3}, {'object': 'person', 'number': 1}], 'ocr_text': ['RARMET NOVODON'], 'uncertain': []}",0.3597426414489746
p0141,seed_3,"A red robot holding a blue umbrella, standing to the left of a yellow car. The poster title says ""Future City"".",outputs/images/p0141/seed_3.png,True,1.0,0.3333333333333333,0.5,,1.0,0.7083333333333334,"['attribute mismatch: umbrella should be blue', 'attribute mismatch: car should be yellow', 'relation mismatch: robot left_of car']","{'objects': ['robot', 'car', 'umbrella', 'pedestrian', 'cityscape'], 'attributes': [{'object': 'robot', 'color': 'red'}, {'object': 'car', 'color': 'red'}, {'object': 'umbrella', 'color': 'yellow_red'}, {'object': 'pedestrian', 'color': 'blue'}, {'object': 'cityscape', 'color': 'blue_red'}], 'relations': [{'subject': 'robot', 'relation': 'holding', 'object': 'umbrella'}, {'subject': 'robot', 'relation': 'riding', 'object': 'car'}, {'subject': 'pedestrian', 'relation': 'standing_beside', 'object': 'car'}], 'count': [{'object': 'robot', 'number': 1}, {'object': 'car', 'number': 1}, {'object': 'pedestrian', 'number': 1}], 'ocr_text': ['FutureCity', 'OTZEGO'], 'uncertain': []}",0.4052370488643646
p0142,seed_0,"Three white cats are sitting on a green sofa, and a small brown dog is under the sofa.",outputs/images/p0142/seed_0.png,False,0.0,0.0,0.0,0.0,,0.0,"['missing object: cat', 'missing object: dog', 'missing object: sofa', 'attribute mismatch: cat should be white', 'attribute mismatch: sofa should be green', 'attribute mismatch: dog should be small', 'attribute mismatch: dog should be brown', 'relation mismatch: cat sitting_on sofa', 'relation mismatch: dog under sofa', 'count mismatch: cat should be 3', 'count mismatch: dog should be 1', 'count mismatch: sofa should be 1']",{},0.37532520294189453
p0142,seed_1,"Three white cats are sitting on a green sofa, and a small brown dog is under the sofa.",outputs/images/p0142/seed_1.png,True,1.0,0.75,0.0,0.3333333333333333,,0.5208333333333334,"['attribute mismatch: dog should be small', 'relation mismatch: cat sitting_on sofa', 'relation mismatch: dog under sofa', 'count mismatch: cat should be 3', 'count mismatch: sofa should be 1']","{'objects': ['couch', 'cat', 'dog', 'suitcase', 'pillow', 'window', 'picture frame', 'rug'], 'attributes': [{'object': 'couch', 'color': 'green'}, {'object': 'cat', 'color': 'white'}, {'object': 'cat', 'color': 'brown'}, {'object': 'dog', 'color': 'brown'}, {'object': 'suitcase', 'color': 'brown'}, {'object': 'pillow', 'color': 'brown'}, {'object': 'window', 'color': 'white'}, {'object': 'picture frame', 'color': 'brown'}, {'object': 'rug', 'color': 'green'}], 'relations': [{'subject': 'couch', 'relation': 'has', 'object': 'pillow'}, {'subject': 'couch', 'relation': 'has', 'object': 'cat'}, {'subject': 'couch', 'relation': 'has', 'object': 'dog'}, {'subject': 'couch', 'relation': 'has', 'object': 'cat'}, {'subject': 'couch', 'relation': 'has', 'object': 'cat'}, {'subject': 'couch', 'relation': 'has', 'object': 'cat'}, {'subject': 'couch', 'relation': 'has', 'object': 'dog'}, {'subject': 'couch', 'relation': 'has', 'object': 'rug'}, {'subject': 'couch', 'relation': 'has', 'object': 'suitcase'}, {'subject': 'couch', 'relation': 'has', 'object': 'picture frame'}, {'subject': 'couch', 'relation': 'has', 'object': 'window'}], 'count': [{'object': 'cat', 'number': 4}, {'object': 'dog', 'number': 1}, {'object': 'suitcase', 'number': 2}, {'object': 'pillow', 'number': 1}, {'object': 'picture frame', 'number': 2}, {'object': 'window', 'number': 1}], 'ocr_text': [], 'uncertain': []}",0.3912387192249298
p0142,seed_2,"Three white cats are sitting on a green sofa, and a small brown dog is under the sofa.",outputs/images/p0142/seed_2.png,True,0.6666666666666666,0.5,0.0,0.0,,0.29166666666666663,"['missing object: dog', 'attribute mismatch: dog should be small', 'attribute mismatch: dog should be brown', 'relation mismatch: cat sitting_on sofa', 'relation mismatch: dog under sofa', 'count mismatch: cat should be 3', 'count mismatch: dog should be 1', 'count mismatch: sofa should be 1']","{'objects': ['couch', 'cat', 'table', 'curtain', 'picture frame', 'tea cup', 'rug'], 'attributes': [{'object': 'couch', 'color': 'green'}, {'object': 'cat', 'color': 'black'}, {'object': 'cat', 'color': 'white'}, {'object': 'cat', 'color': 'orange'}, {'object': 'cat', 'color': 'white'}, {'object': 'cat', 'color': 'white'}, {'object': 'table', 'color': 'brown'}, {'object': 'curtain', 'color': 'green'}, {'object': 'picture frame', 'color': 'brown'}, {'object': 'tea cup', 'color': 'blue'}, {'object': 'rug', 'color': 'red'}], 'relations': [{'subject': 'couch', 'relation': 'under', 'object': 'rug'}, {'subject': 'table', 'relation': 'left_of', 'object': 'couch'}, {'subject': 'curtain', 'relation': 'behind', 'object': 'couch'}, {'subject': 'picture frame', 'relation': 'above', 'object': 'couch'}, {'subject': 'tea cup', 'relation': 'on', 'object': 'table'}], 'count': [{'object': 'cat', 'number': 5}, {'object': 'table', 'number': 1}, {'object': 'curtain', 'number': 1}, {'object': 'picture frame', 'number': 1}, {'object': 'tea cup', 'number': 1}], 'ocr_text': [], 'uncertain': []}",0.35812193155288696
p0142,seed_3,"Three white cats are sitting on a green sofa, and a small brown dog is under the sofa.",outputs/images/p0142/seed_3.png,True,0.6666666666666666,0.5,0.5,0.0,,0.41666666666666663,"['missing object: dog', 'attribute mismatch: dog should be small', 'attribute mismatch: dog should be brown', 'relation mismatch: dog under sofa', 'count mismatch: cat should be 3', 'count mismatch: dog should be 1', 'count mismatch: sofa should be 1']","{'objects': ['cat', 'couch', 'water bowl', 'lamp', 'picture frame', 'dresser', 'rug'], 'attributes': [{'object': 'cat', 'color': 'white'}, {'object': 'cat', 'color': 'brown'}, {'object': 'cat', 'color': 'tan'}, {'object': 'couch', 'color': 'green'}, {'object': 'water bowl', 'color': 'brown'}, {'object': 'lamp', 'color': 'black'}, {'object': 'picture frame', 'color': 'brown'}, {'object': 'dresser', 'color': 'brown'}, {'object': 'rug', 'color': 'beige'}], 'relations': [{'subject': 'cat', 'relation': 'on', 'object': 'couch'}, {'subject': 'water bowl', 'relation': 'in front of', 'object': 'couch'}, {'subject': 'lamp', 'relation': 'left of', 'object': 'couch'}, {'subject': 'picture frame', 'relation': 'above', 'object': 'couch'}, {'subject': 'dresser', 'relation': 'right of', 'object': 'couch'}, {'subject': 'rug', 'relation': 'under', 'object': 'couch'}], 'count': [{'object': 'cat', 'number': 4}, {'object': 'picture frame', 'number': 3}, {'object': 'dresser', 'number': 1}], 'ocr_text': [], 'uncertain': []}",0.3734688460826874
p0143,seed_0,"A blue cup is on the right side of a red book, with the word ""AI Lab"" printed on the cup.",outputs/images/p0143/seed_0.png,True,1.0,0.5,0.0,,1.0,0.625,"['attribute mismatch: cup should be blue', 'relation mismatch: cup right_of book']","{'objects': ['book', 'cup', 'saucer', 'eyeglasses', 'syringe', 'ring'], 'attributes': [{'object': 'book', 'attribute': 'red'}, {'object': 'cup', 'attribute': 'red'}, {'object': 'saucer', 'attribute': 'white'}, {'object': 'eyeglasses', 'attribute': 'silver'}, {'object': 'syringe', 'attribute': 'silver'}, {'object': 'ring', 'attribute': 'silver'}], 'relations': [{'subject': 'book', 'relation': 'left_of', 'object': 'cup'}, {'subject': 'cup', 'relation': 'on', 'object': 'saucer'}, {'subject': 'eyeglasses', 'relation': 'left_of', 'object': 'book'}, {'subject': 'syringe', 'relation': 'right_of', 'object': 'book'}, {'subject': 'ring', 'relation': 'right_of', 'object': 'syringe'}], 'count': [{'object': 'book', 'number': 1}, {'object': 'cup', 'number': 1}, {'object': 'saucer', 'number': 1}, {'object': 'eyeglasses', 'number': 1}, {'object': 'syringe', 'number': 1}, {'object': 'ring', 'number': 1}], 'ocr_text': ['AL LAB', 'ALB'], 'uncertain': []}",0.386225163936615
p0143,seed_1,"A blue cup is on the right side of a red book, with the word ""AI Lab"" printed on the cup.",outputs/images/p0143/seed_1.png,True,1.0,1.0,0.0,,0.0,0.5,"['relation mismatch: cup right_of book', 'text mismatch: expected ""AI Lab"", got [\'CA\', \'RA\']']","{'objects': ['mug', 'book'], 'attributes': [{'object': 'mug', 'color': 'red'}, {'object': 'mug', 'material': 'plastic'}, {'object': 'mug', 'text': 'CA'}, {'object': 'book', 'color': 'white'}, {'object': 'book', 'material': 'paper'}, {'object': 'book', 'text': 'RA'}], 'relations': [{'subject': 'mug', 'relation': 'on', 'object': 'book'}, {'subject': 'book', 'relation': 'open', 'object': 'book'}], 'count': [{'object': 'mug', 'number': 1}, {'object': 'book', 'number': 1}], 'ocr_text': ['CA', 'RA'], 'uncertain': []}",0.3532150089740753
p0143,seed_2,"A blue cup is on the right side of a red book, with the word ""AI Lab"" printed on the cup.",outputs/images/p0143/seed_2.png,True,1.0,0.0,0.0,,1.0,0.5,"['attribute mismatch: cup should be blue', 'attribute mismatch: book should be red', 'relation mismatch: cup right_of book']","{'objects': ['book', 'mug'], 'attributes': [{'object': 'book', 'attribute': 'color', 'value': 'red'}, {'object': 'mug', 'attribute': 'color', 'value': 'blue'}], 'relations': [{'subject': 'mug', 'relation': 'in_front_of', 'object': 'book'}], 'count': [{'object': 'book', 'number': 1}, {'object': 'mug', 'number': 1}], 'ocr_text': ['AIR LABOOK', 'AILAB', 'ALNI BLO9 ABBELG YOM'], 'uncertain': ['uncertain or ambiguous visual cues']}",0.40056952834129333
p0143,seed_3,"A blue cup is on the right side of a red book, with the word ""AI Lab"" printed on the cup.",outputs/images/p0143/seed_3.png,True,1.0,1.0,0.0,,0.0,0.5,"['relation mismatch: cup right_of book', 'text mismatch: expected ""AI Lab"", got [\'A+L\']']","{'objects': ['mug', 'book'], 'attributes': [{'object': 'mug', 'color': 'blue'}, {'object': 'mug', 'text': 'A+L'}, {'object': 'book', 'color': 'red'}, {'object': 'book', 'color': 'white'}], 'relations': [{'subject': 'mug', 'relation': 'on', 'object': 'book'}, {'subject': 'book', 'relation': 'under', 'object': 'mug'}, {'subject': 'book', 'relation': 'stacked_with', 'object': 'book'}], 'count': [{'object': 'book', 'number': 2}], 'ocr_text': ['A+L'], 'uncertain': []}",0.36106449365615845
p0144,seed_0,A woman in a yellow coat is riding a black bicycle in front of a coffee shop.,outputs/images/p0144/seed_0.png,True,0.75,1.0,0.3333333333333333,,,0.6944444444444445,"['missing object: coat', 'relation mismatch: woman wearing coat', 'relation mismatch: woman in_front_of coffee shop']","{'objects': ['person', 'bicycle', 'building', 'table', 'chair', 'tree', 'car'], 'attributes': [{'object': 'person', 'attribute': 'yellow coat'}, {'object': 'bicycle', 'attribute': 'black frame'}, {'object': 'building', 'attribute': 'glass windows'}, {'object': 'table', 'attribute': 'wooden'}, {'object': 'chair', 'attribute': 'brown'}, {'object': 'tree', 'attribute': 'green leaves'}, {'object': 'car', 'attribute': 'white'}], 'relations': [{'subject': 'person', 'relation': 'holding', 'object': 'coffee cup'}, {'subject': 'person', 'relation': 'riding', 'object': 'bicycle'}, {'subject': 'bicycle', 'relation': 'beside', 'object': 'person'}, {'subject': 'building', 'relation': 'behind', 'object': 'person'}, {'subject': 'table', 'relation': 'in front of', 'object': 'building'}, {'subject': 'chair', 'relation': 'around', 'object': 'table'}, {'subject': 'tree', 'relation': 'left of', 'object': 'building'}, {'subject': 'car', 'relation': 'left of', 'object': 'building'}], 'count': [{'object': 'bicycle', 'number': 1}, {'object': 'table', 'number': 2}, {'object': 'chair', 'number': 2}, {'object': 'car', 'number': 1}], 'ocr_text': [], 'uncertain': []}",0.33077916502952576
p0144,seed_1,A woman in a yellow coat is riding a black bicycle in front of a coffee shop.,outputs/images/p0144/seed_1.png,True,0.75,1.0,0.3333333333333333,,,0.6944444444444445,"['missing object: coat', 'relation mismatch: woman wearing coat', 'relation mismatch: woman in_front_of coffee shop']","{'objects': ['person', 'bicycle', 'basket', 'building', 'awning', 'sidewalk', 'street'], 'attributes': [{'object': 'person', 'attribute': 'wearing yellow coat'}, {'object': 'bicycle', 'attribute': 'black frame'}, {'object': 'basket', 'attribute': 'woven'}, {'object': 'building', 'attribute': 'yellow awning'}, {'object': 'sidewalk', 'attribute': 'gray'}, {'object': 'street', 'attribute': 'gray'}], 'relations': [{'subject': 'person', 'relation': 'riding', 'object': 'bicycle'}, {'subject': 'basket', 'relation': 'attached_to', 'object': 'bicycle'}, {'subject': 'person', 'relation': 'standing_beside', 'object': 'sidewalk'}, {'subject': 'building', 'relation': 'behind', 'object': 'person'}, {'subject': 'building', 'relation': 'left_of', 'object': 'person'}], 'count': [{'object': 'people', 'number': 1}, {'object': 'bicycles', 'number': 1}, {'object': 'buildings', 'number': 1}], 'ocr_text': [], 'uncertain': []}",0.3531288206577301
p0144,seed_2,A woman in a yellow coat is riding a black bicycle in front of a coffee shop.,outputs/images/p0144/seed_2.png,True,0.75,1.0,0.3333333333333333,,,0.6944444444444445,"['missing object: coat', 'relation mismatch: woman wearing coat', 'relation mismatch: woman in_front_of coffee shop']","{'objects': ['person', 'bicycle', 'basket', 'storefront'], 'attributes': [{'object': 'person', 'attribute': 'wearing yellow coat'}, {'object': 'bicycle', 'attribute': 'black frame'}, {'object': 'basket', 'attribute': 'black woven'}, {'object': 'storefront', 'attribute': 'yellow door'}], 'relations': [{'subject': 'person', 'relation': 'riding', 'object': 'bicycle'}, {'subject': 'basket', 'relation': 'attached_to', 'object': 'bicycle'}, {'subject': 'person', 'relation': 'standing_beside', 'object': 'storefront'}], 'count': [{'object': 'cup', 'number': 0}, {'object': 'text', 'number': 0}], 'ocr_text': [], 'uncertain': []}",0.3433794379234314
p0144,seed_3,A woman in a yellow coat is riding a black bicycle in front of a coffee shop.,outputs/images/p0144/seed_3.png,True,1.0,1.0,0.6666666666666666,,,0.8888888888888888,['relation mismatch: woman in_front_of coffee shop'],"{'objects': ['person', 'bicycle', 'basket', 'coat', 'shoes', 'building', 'table', 'chair', 'awning', 'sign'], 'attributes': [{'object': 'person', 'attribute': 'wearing yellow coat'}, {'object': 'bicycle', 'attribute': 'black frame'}, {'object': 'basket', 'attribute': 'brown woven'}, {'object': 'coat', 'attribute': 'long yellow'}, {'object': 'shoes', 'attribute': 'white sneakers'}, {'object': 'building', 'attribute': 'white facade'}, {'object': 'table', 'attribute': 'wooden'}, {'object': 'chair', 'attribute': 'brown wooden'}, {'object': 'awning', 'attribute': 'yellow'}, {'object': 'sign', 'attribute': ""text 'WEST DORP'""}], 'relations': [{'subject': 'person', 'relation': 'riding', 'object': 'bicycle'}, {'subject': 'basket', 'relation': 'attached_to', 'object': 'bicycle'}, {'subject': 'coat', 'relation': 'worn_by', 'object': 'person'}, {'subject': 'shoes', 'relation': 'worn_by', 'object': 'person'}, {'subject': 'table', 'relation': 'in_front_of', 'object': 'building'}, {'subject': 'chair', 'relation': 'beside', 'object': 'table'}, {'subject': 'awning', 'relation': 'above', 'object': 'table'}, {'subject': 'sign', 'relation': 'on', 'object': 'building'}], 'count': [{'object': 'bicycle', 'number': 1}, {'object': 'table', 'number': 2}, {'object': 'chair', 'number': 2}, {'object': 'awning', 'number': 1}, {'object': 'sign', 'number': 1}], 'ocr_text': ['WEST DORP'], 'uncertain': []}",0.3369486927986145
p0145,seed_0,"A poster showing two astronauts standing beside a silver rocket. The text on the poster reads ""Mars 2040"".",outputs/images/p0145/seed_0.png,True,0.6666666666666666,0.0,0.0,0.5,0.0,0.2333333333333333,"['missing object: poster', 'attribute mismatch: rocket should be silver', 'relation mismatch: astronaut standing_beside rocket', 'count mismatch: rocket should be 1', 'text mismatch: expected ""Mars 2040"", got [\'5114\', \'220\']']","{'objects': ['astronaut', 'spacesuit', 'rocket', 'text'], 'attributes': [{'object': 'astronaut', 'attribute': 'wearing spacesuit'}, {'object': 'spacesuit', 'attribute': 'American flag patch'}, {'object': 'rocket', 'attribute': 'white'}, {'object': 'text', 'attribute': 'large numbers'}], 'relations': [{'subject': 'astronaut', 'relation': 'left_of', 'object': 'rocket'}, {'subject': 'astronaut', 'relation': 'right_of', 'object': 'rocket'}, {'subject': 'text', 'relation': 'above', 'object': 'astronaut'}], 'count': [{'object': 'astronaut', 'number': 2}, {'object': 'rocket', 'number': 4}], 'ocr_text': ['5114', '220'], 'uncertain': []}",0.3931275010108948
p0145,seed_1,"A poster showing two astronauts standing beside a silver rocket. The text on the poster reads ""Mars 2040"".",outputs/images/p0145/seed_1.png,True,1.0,1.0,1.0,0.5,1.0,0.9,['count mismatch: rocket should be 1'],"{'objects': ['astronauts', 'rockets', 'tent', 'signpost', 'dunes'], 'attributes': [{'object': 'astronauts', 'attribute': 'wearing spacesuits'}, {'object': 'rockets', 'attribute': 'silver'}, {'object': 'tent', 'attribute': 'gray'}, {'object': 'signpost', 'attribute': 'white'}, {'object': 'dunes', 'attribute': 'brown'}], 'relations': [{'subject': 'astronauts', 'relation': 'standing_beside', 'object': 'rockets'}, {'subject': 'rockets', 'relation': 'behind', 'object': 'astronauts'}, {'subject': 'rockets', 'relation': 'beside', 'object': 'tent'}, {'subject': 'rockets', 'relation': 'beside', 'object': 'signpost'}, {'subject': 'rockets', 'relation': 'beside', 'object': 'dunes'}], 'count': [{'object': 'astronauts', 'number': 2}, {'object': 'rockets', 'number': 3}, {'object': 'dunes', 'number': 2}], 'ocr_text': ['MARS 2001', '2001'], 'uncertain': ['text readability']}",0.3411887586116791
p0145,seed_2,"A poster showing two astronauts standing beside a silver rocket. The text on the poster reads ""Mars 2040"".",outputs/images/p0145/seed_2.png,True,1.0,1.0,1.0,1.0,0.0,0.8,"['text mismatch: expected ""Mars 2040"", got [\'E MARMA SOAO\', \'LTER FAAR/E\', \'ZUMWALT\', \'BLACK & BL\', \'MARINA CO\']']","{'objects': ['astronauts', 'spacecraft', 'rocket', 'poster', 'moon'], 'attributes': [{'object': 'astronauts', 'attribute': 'wearing white spacesuits with orange stripes'}, {'object': 'spacecraft', 'attribute': 'large, cylindrical, black'}, {'object': 'rocket', 'attribute': 'silver, multi-stage, with red markings'}, {'object': 'poster', 'attribute': 'beige background with text and images'}, {'object': 'moon', 'attribute': 'gray, circular, depicted on poster'}], 'relations': [{'subject': 'astronauts', 'relation': 'standing_beside', 'object': 'rocket'}, {'subject': 'poster', 'relation': 'behind', 'object': 'astronauts'}, {'subject': 'poster', 'relation': 'behind', 'object': 'rocket'}], 'count': [{'object': 'astronauts', 'number': 2}, {'object': 'spacecraft', 'number': 1}, {'object': 'rocket', 'number': 1}, {'object': 'moon', 'number': 1}], 'ocr_text': ['E MARMA SOAO', 'LTER FAAR/E', 'ZUMWALT', 'BLACK & BL', 'MARINA CO'], 'uncertain': ['text on poster is unclear and misspelled']}",0.392960786819458
p0145,seed_3,"A poster showing two astronauts standing beside a silver rocket. The text on the poster reads ""Mars 2040"".",outputs/images/p0145/seed_3.png,True,0.6666666666666666,0.0,1.0,0.5,1.0,0.6333333333333333,"['missing object: poster', 'attribute mismatch: rocket should be silver', 'count mismatch: rocket should be 1']","{'objects': ['astronaut', 'spacesuit', 'rocket', 'lunar module', 'planet'], 'attributes': [{'object': 'astronaut', 'attribute': 'wearing spacesuit'}, {'object': 'spacesuit', 'attribute': 'white with orange accents'}, {'object': 'rocket', 'attribute': 'white with orange accents'}, {'object': 'lunar module', 'attribute': 'white with orange accents'}, {'object': 'planet', 'attribute': 'red surface'}], 'relations': [{'subject': 'astronaut', 'relation': 'standing_beside', 'object': 'rocket'}, {'subject': 'astronaut', 'relation': 'holding', 'object': 'tool'}, {'subject': 'rocket', 'relation': 'behind', 'object': 'lunar module'}, {'subject': 'lunar module', 'relation': 'under', 'object': 'rocket'}], 'count': [{'object': 'astronaut', 'number': 2}, {'object': 'tool', 'number': 1}], 'ocr_text': ['MARS S4 20', 'MAR2', 'FOKOGT-40'], 'uncertain': []}",0.3642367422580719
p0146,seed_0,A black dog wearing a red scarf is sitting under a wooden table.,outputs/images/p0146/seed_0.png,True,0.6666666666666666,0.6666666666666666,0.5,,,0.611111111111111,"['missing object: scarf', 'attribute mismatch: scarf should be red', 'relation mismatch: dog under table']","{'objects': ['dog', 'table', 'chair', 'plant', 'wall'], 'attributes': [{'object': 'dog', 'attribute': 'black'}, {'object': 'table', 'attribute': 'wooden'}, {'object': 'chair', 'attribute': 'wooden'}, {'object': 'plant', 'attribute': 'green'}, {'object': 'wall', 'attribute': 'wooden'}], 'relations': [{'subject': 'dog', 'relation': 'wearing', 'object': 'scarf'}, {'subject': 'dog', 'relation': 'left_of', 'object': 'table'}, {'subject': 'table', 'relation': 'right_of', 'object': 'dog'}, {'subject': 'plant', 'relation': 'behind', 'object': 'dog'}, {'subject': 'wall', 'relation': 'behind', 'object': 'table'}], 'count': [{'object': 'dog', 'number': 1}, {'object': 'table', 'number': 1}, {'object': 'chair', 'number': 1}, {'object': 'plant', 'number': 1}, {'object': 'wall', 'number': 1}], 'ocr_text': [], 'uncertain': []}",0.3639417886734009
p0146,seed_1,A black dog wearing a red scarf is sitting under a wooden table.,outputs/images/p0146/seed_1.png,True,0.6666666666666666,1.0,0.5,,,0.7222222222222222,"['missing object: scarf', 'relation mismatch: dog under table']","{'objects': ['dog', 'table', 'chair'], 'attributes': [{'object': 'dog', 'attribute': 'black'}, {'object': 'dog', 'attribute': 'wearing red scarf'}, {'object': 'table', 'attribute': 'wooden'}, {'object': 'chair', 'attribute': 'wooden'}], 'relations': [{'subject': 'dog', 'relation': 'wearing', 'object': 'red scarf'}, {'subject': 'dog', 'relation': 'on', 'object': 'table'}, {'subject': 'chair', 'relation': 'beside', 'object': 'table'}], 'count': [{'object': 'dog', 'number': 1}, {'object': 'table', 'number': 1}, {'object': 'chair', 'number': 1}], 'ocr_text': [], 'uncertain': []}",0.3786914348602295
p0146,seed_2,A black dog wearing a red scarf is sitting under a wooden table.,outputs/images/p0146/seed_2.png,True,0.6666666666666666,0.6666666666666666,0.5,,,0.611111111111111,"['missing object: table', 'attribute mismatch: table should be wooden', 'relation mismatch: dog under table']","{'objects': ['dog', 'scarf'], 'attributes': [{'object': 'dog', 'attribute': 'black'}, {'object': 'dog', 'attribute': 'sitting'}, {'object': 'scarf', 'attribute': 'red'}], 'relations': [{'subject': 'dog', 'relation': 'wearing', 'object': 'scarf'}], 'count': [{'object': 'dog', 'number': 1}, {'object': 'scarf', 'number': 1}], 'ocr_text': [], 'uncertain': []}",0.3291475176811218
p0146,seed_3,A black dog wearing a red scarf is sitting under a wooden table.,outputs/images/p0146/seed_3.png,True,1.0,1.0,0.5,,,0.8333333333333334,['relation mismatch: dog under table'],"{'objects': ['dog', 'table', 'chair', 'window', 'scarf'], 'attributes': [{'object': 'dog', 'attribute': 'black'}, {'object': 'table', 'attribute': 'wooden'}, {'object': 'chair', 'attribute': 'wooden'}, {'object': 'window', 'attribute': 'glass'}, {'object': 'scarf', 'attribute': 'red'}], 'relations': [{'subject': 'dog', 'relation': 'wearing', 'object': 'scarf'}, {'subject': 'dog', 'relation': 'standing_beside', 'object': 'table'}, {'subject': 'table', 'relation': 'under', 'object': 'dog'}, {'subject': 'chair', 'relation': 'behind', 'object': 'table'}, {'subject': 'window', 'relation': 'behind', 'object': 'table'}], 'count': [{'object': 'chair', 'number': 1}, {'object': 'table', 'number': 1}, {'object': 'window', 'number': 1}], 'ocr_text': [], 'uncertain': []}",0.36834120750427246
p0147,seed_0,Two green bottles are to the left of a yellow cup on a white table.,outputs/images/p0147/seed_0.png,True,0.6666666666666666,0.6666666666666666,0.0,0.6666666666666666,,0.5,"['missing object: table', 'attribute mismatch: table should be white', 'relation mismatch: bottle left_of cup', 'relation mismatch: bottle on table', 'relation mismatch: cup on table', 'count mismatch: table should be 1']","{'objects': ['bottle', 'cup', 'saucer'], 'attributes': [{'object': 'bottle', 'attribute': 'green'}, {'object': 'cup', 'attribute': 'yellow'}, {'object': 'saucer', 'attribute': 'white'}], 'relations': [{'subject': 'bottle', 'relation': 'left_of', 'object': 'bottle'}, {'subject': 'cup', 'relation': 'right_of', 'object': 'bottle'}, {'subject': 'saucer', 'relation': 'right_of', 'object': 'cup'}], 'count': [{'object': 'bottle', 'number': 2}, {'object': 'cup', 'number': 1}, {'object': 'saucer', 'number': 1}], 'ocr_text': [], 'uncertain': []}",0.32753920555114746
p0147,seed_1,Two green bottles are to the left of a yellow cup on a white table.,outputs/images/p0147/seed_1.png,True,0.6666666666666666,0.3333333333333333,0.0,0.3333333333333333,,0.3333333333333333,"['missing object: table', 'attribute mismatch: cup should be yellow', 'attribute mismatch: table should be white', 'relation mismatch: bottle left_of cup', 'relation mismatch: bottle on table', 'relation mismatch: cup on table', 'count mismatch: bottle should be 2', 'count mismatch: table should be 1']","{'objects': ['bottle', 'cup'], 'attributes': [{'object': 'bottle', 'attribute': 'green'}, {'object': 'cup', 'attribute': 'green'}], 'relations': [{'subject': 'bottle', 'relation': 'left_of', 'object': 'bottle'}, {'subject': 'bottle', 'relation': 'right_of', 'object': 'bottle'}, {'subject': 'cup', 'relation': 'in_front_of', 'object': 'bottle'}], 'count': [{'object': 'bottle', 'number': 3}, {'object': 'cup', 'number': 1}], 'ocr_text': [], 'uncertain': []}",0.33084025979042053
p0147,seed_2,Two green bottles are to the left of a yellow cup on a white table.,outputs/images/p0147/seed_2.png,True,0.6666666666666666,0.6666666666666666,0.0,0.0,,0.3333333333333333,"['missing object: table', 'attribute mismatch: table should be white', 'relation mismatch: bottle left_of cup', 'relation mismatch: bottle on table', 'relation mismatch: cup on table', 'count mismatch: bottle should be 2', 'count mismatch: cup should be 1', 'count mismatch: table should be 1']","{'objects': ['bottle', 'bowl', 'cup'], 'attributes': [{'object': 'bottle', 'color': 'green'}, {'object': 'bottle', 'color': 'yellow'}, {'object': 'bowl', 'color': 'yellow'}, {'object': 'cup', 'color': 'yellow'}], 'relations': [{'subject': 'bottle', 'relation': 'left_of', 'object': 'bottle'}, {'subject': 'bottle', 'relation': 'right_of', 'object': 'bottle'}, {'subject': 'bowl', 'relation': 'in_front_of', 'object': 'bottle'}, {'subject': 'cup', 'relation': 'in_front_of', 'object': 'bowl'}], 'count': [{'object': 'bottle', 'number': 3}, {'object': 'bowl', 'number': 1}, {'object': 'cup', 'number': 2}], 'ocr_text': [], 'uncertain': []}",0.330394446849823
p0147,seed_3,Two green bottles are to the left of a yellow cup on a white table.,outputs/images/p0147/seed_3.png,True,0.3333333333333333,0.3333333333333333,0.0,0.0,,0.16666666666666666,"['missing object: cup', 'missing object: table', 'attribute mismatch: cup should be yellow', 'attribute mismatch: table should be white', 'relation mismatch: bottle left_of cup', 'relation mismatch: bottle on table', 'relation mismatch: cup on table', 'count mismatch: bottle should be 2', 'count mismatch: cup should be 1', 'count mismatch: table should be 1']","{'objects': ['bottle', 'cleaning sponge', 'jar'], 'attributes': [{'object': 'bottle', 'color': 'green'}, {'object': 'bottle', 'color': 'yellow'}, {'object': 'bottle', 'color': 'green'}, {'object': 'cleaning sponge', 'color': 'yellow'}, {'object': 'jar', 'color': 'green'}], 'relations': [{'subject': 'bottle', 'relation': 'left_of', 'object': 'cleaning sponge'}, {'subject': 'bottle', 'relation': 'right_of', 'object': 'cleaning sponge'}, {'subject': 'bottle', 'relation': 'right_of', 'object': 'cleaning sponge'}, {'subject': 'cleaning sponge', 'relation': 'under', 'object': 'bottle'}, {'subject': 'cleaning sponge', 'relation': 'under', 'object': 'bottle'}, {'subject': 'cleaning sponge', 'relation': 'under', 'object': 'bottle'}], 'count': [{'object': 'bottle', 'number': 3}, {'object': 'cleaning sponge', 'number': 1}, {'object': 'jar', 'number': 1}], 'ocr_text': [], 'uncertain': []}",0.3218461573123932
p0148,seed_0,A child holding a purple balloon is standing beside a blue bicycle.,outputs/images/p0148/seed_0.png,True,0.6666666666666666,1.0,0.0,,,0.5555555555555555,"['missing object: child', 'relation mismatch: child holding balloon', 'relation mismatch: child standing_beside bicycle']","{'objects': ['girl', 'bicycle', 'balloons'], 'attributes': [{'object': 'girl', 'attribute': 'wearing purple sweater'}, {'object': 'bicycle', 'attribute': 'blue frame'}, {'object': 'balloons', 'attribute': 'purple'}], 'relations': [{'subject': 'girl', 'relation': 'holding', 'object': 'balloon'}, {'subject': 'girl', 'relation': 'standing_beside', 'object': 'bicycle'}, {'subject': 'bicycle', 'relation': 'beside', 'object': 'wall'}], 'count': [{'object': 'balloons', 'number': 4}], 'ocr_text': [], 'uncertain': []}",0.367637038230896
p0148,seed_1,A child holding a purple balloon is standing beside a blue bicycle.,outputs/images/p0148/seed_1.png,True,1.0,0.5,0.5,,,0.6666666666666666,"['attribute mismatch: bicycle should be blue', 'relation mismatch: child holding balloon']","{'objects': ['child', 'bicycle', 'balloon'], 'attributes': [{'object': 'child', 'attribute': 'wearing purple shirt'}, {'object': 'bicycle', 'attribute': 'purple frame'}, {'object': 'balloon', 'attribute': 'purple heart-shaped'}], 'relations': [{'subject': 'child', 'relation': 'holding', 'object': 'bicycle'}, {'subject': 'child', 'relation': 'standing_beside', 'object': 'bicycle'}, {'subject': 'balloon', 'relation': 'attached_to', 'object': 'bicycle'}], 'count': [{'object': 'balloons', 'number': 1}], 'ocr_text': [''], 'uncertain': []}",0.3723999559879303
p0148,seed_2,A child holding a purple balloon is standing beside a blue bicycle.,outputs/images/p0148/seed_2.png,True,0.6666666666666666,1.0,0.0,,,0.5555555555555555,"['missing object: child', 'relation mismatch: child holding balloon', 'relation mismatch: child standing_beside bicycle']","{'objects': ['girl', 'bicycle', 'balloons'], 'attributes': [{'object': 'girl', 'attribute': 'wearing purple sweater'}, {'object': 'bicycle', 'attribute': 'blue frame'}, {'object': 'balloons', 'attribute': 'purple'}], 'relations': [{'subject': 'girl', 'relation': 'holding', 'object': 'bicycle'}, {'subject': 'balloons', 'relation': 'attached_to', 'object': 'bicycle'}], 'count': [{'object': 'balloons', 'number': 2}], 'ocr_text': [], 'uncertain': []}",0.37717288732528687
p0148,seed_3,A child holding a purple balloon is standing beside a blue bicycle.,outputs/images/p0148/seed_3.png,True,0.6666666666666666,0.5,0.0,,,0.38888888888888884,"['missing object: child', 'attribute mismatch: bicycle should be blue', 'relation mismatch: child holding balloon', 'relation mismatch: child standing_beside bicycle']","{'objects': ['girl', 'bicycle', 'balloons'], 'attributes': [{'object': 'girl', 'attribute': 'wearing purple top'}, {'object': 'girl', 'attribute': 'wearing blue skirt'}, {'object': 'girl', 'attribute': 'wearing pink sandals'}, {'object': 'bicycle', 'attribute': 'purple'}, {'object': 'bicycle', 'attribute': 'basket'}, {'object': 'balloons', 'attribute': 'purple'}, {'object': 'balloons', 'attribute': 'blue'}], 'relations': [{'subject': 'girl', 'relation': 'holding', 'object': 'bicycle'}, {'subject': 'girl', 'relation': 'standing_beside', 'object': 'bicycle'}, {'subject': 'balloons', 'relation': 'attached_to', 'object': 'bicycle'}], 'count': [{'object': 'balloons', 'number': 3}], 'ocr_text': ['ESKIDE'], 'uncertain': []}",0.37502336502075195
p0149,seed_0,"A silver laptop is on a brown desk, and a white mug is to the right of the laptop.",outputs/images/p0149/seed_0.png,True,0.6666666666666666,0.6666666666666666,0.0,,,0.4444444444444444,"['missing object: desk', 'attribute mismatch: desk should be brown', 'relation mismatch: laptop on desk', 'relation mismatch: mug right_of laptop']","{'objects': ['laptop', 'mug', 'saucer', 'pen', 'usb drive'], 'attributes': [{'object': 'laptop', 'attribute': 'silver'}, {'object': 'mug', 'attribute': 'white'}, {'object': 'saucer', 'attribute': 'brown'}, {'object': 'pen', 'attribute': 'silver'}, {'object': 'usb drive', 'attribute': 'white'}], 'relations': [{'subject': 'mug', 'relation': 'on', 'object': 'laptop'}, {'subject': 'saucer', 'relation': 'under', 'object': 'cup'}, {'subject': 'pen', 'relation': 'beside', 'object': 'laptop'}, {'subject': 'usb drive', 'relation': 'beside', 'object': 'pen'}], 'count': [{'object': 'mug', 'number': 2}, {'object': 'cup', 'number': 1}, {'object': 'saucer', 'number': 1}, {'object': 'pen', 'number': 1}, {'object': 'usb drive', 'number': 1}], 'ocr_text': [], 'uncertain': []}",0.3215150833129883
p0149,seed_1,"A silver laptop is on a brown desk, and a white mug is to the right of the laptop.",outputs/images/p0149/seed_1.png,True,1.0,0.6666666666666666,0.5,,,0.7222222222222222,"['attribute mismatch: desk should be brown', 'relation mismatch: mug right_of laptop']","{'objects': ['laptop', 'desk', 'cup', 'plant', 'window', 'curtain'], 'attributes': [{'object': 'laptop', 'color': 'silver'}, {'object': 'desk', 'color': 'beige'}, {'object': 'cup', 'color': 'white'}, {'object': 'plant', 'color': 'green'}, {'object': 'window', 'color': 'white'}, {'object': 'curtain', 'color': 'white'}], 'relations': [{'subject': 'laptop', 'relation': 'on', 'object': 'desk'}, {'subject': 'cup', 'relation': 'on', 'object': 'desk'}, {'subject': 'plant', 'relation': 'in', 'object': 'vase'}, {'subject': 'vase', 'relation': 'on', 'object': 'shelf'}, {'subject': 'window', 'relation': 'behind', 'object': 'desk'}, {'subject': 'curtain', 'relation': 'on', 'object': 'window'}], 'count': [{'object': 'laptop', 'number': 2}], 'ocr_text': [], 'uncertain': []}",0.30867528915405273
p0149,seed_2,"A silver laptop is on a brown desk, and a white mug is to the right of the laptop.",outputs/images/p0149/seed_2.png,True,1.0,0.6666666666666666,0.5,,,0.7222222222222222,"['attribute mismatch: desk should be brown', 'relation mismatch: mug right_of laptop']","{'objects': ['laptop', 'mug', 'notebook', 'magazine', 'plant', 'window', 'desk'], 'attributes': [{'object': 'laptop', 'attribute': 'silver'}, {'object': 'mug', 'attribute': 'white'}, {'object': 'notebook', 'attribute': 'open'}, {'object': 'magazine', 'attribute': 'black and white'}, {'object': 'plant', 'attribute': 'green leaves'}, {'object': 'window', 'attribute': 'black frame'}, {'object': 'desk', 'attribute': 'wooden'}], 'relations': [{'subject': 'laptop', 'relation': 'on', 'object': 'desk'}, {'subject': 'mug', 'relation': 'beside', 'object': 'laptop'}, {'subject': 'notebook', 'relation': 'on', 'object': 'desk'}, {'subject': 'magazine', 'relation': 'on', 'object': 'desk'}, {'subject': 'plant', 'relation': 'behind', 'object': 'desk'}, {'subject': 'window', 'relation': 'above', 'object': 'desk'}], 'count': [{'object': 'mug', 'number': 3}, {'object': 'desk', 'number': 1}], 'ocr_text': [], 'uncertain': []}",0.30356940627098083
p0149,seed_3,"A silver laptop is on a brown desk, and a white mug is to the right of the laptop.",outputs/images/p0149/seed_3.png,True,0.6666666666666666,0.6666666666666666,0.0,,,0.4444444444444444,"['missing object: desk', 'attribute mismatch: desk should be brown', 'relation mismatch: laptop on desk', 'relation mismatch: mug right_of laptop']","{'objects': ['laptop', 'tablet', 'mug', 'notebook', 'mouse', 'plant'], 'attributes': [{'object': 'laptop', 'attribute': 'silver'}, {'object': 'tablet', 'attribute': 'black'}, {'object': 'mug', 'attribute': 'white'}, {'object': 'notebook', 'attribute': 'white'}, {'object': 'mouse', 'attribute': 'gray'}, {'object': 'plant', 'attribute': 'green'}], 'relations': [{'subject': 'laptop', 'relation': 'left_of', 'object': 'tablet'}, {'subject': 'laptop', 'relation': 'right_of', 'object': 'tablet'}, {'subject': 'mug', 'relation': 'on', 'object': 'laptop'}, {'subject': 'notebook', 'relation': 'behind', 'object': 'laptop'}, {'subject': 'mouse', 'relation': 'beside', 'object': 'laptop'}, {'subject': 'plant', 'relation': 'behind', 'object': 'laptop'}], 'count': [{'object': 'laptop', 'number': 1}, {'object': 'tablet', 'number': 1}, {'object': 'mug', 'number': 1}, {'object': 'notebook', 'number': 1}, {'object': 'mouse', 'number': 1}, {'object': 'plant', 'number': 1}], 'ocr_text': [], 'uncertain': []}",0.3120981454849243
p0150,seed_0,"A poster with two red cars and the text ""Speed Race"".",outputs/images/p0150/seed_0.png,True,0.5,0.0,,1.0,0.0,0.375,"['missing object: poster', 'attribute mismatch: car should be red', 'text mismatch: expected ""Speed Race"", got [\'SEED\', \'SEMA\']']","{'objects': ['car'], 'attributes': [{'object': 'car', 'attribute': 'color', 'value': 'red'}, {'object': 'car', 'attribute': 'model', 'value': 'SEMA'}], 'relations': [{'subject': 'car', 'relation': 'left_of', 'object': 'car'}, {'subject': 'car', 'relation': 'right_of', 'object': 'car'}], 'count': [{'object': 'car', 'number': 2}], 'ocr_text': ['SEED', 'SEMA'], 'uncertain': []}",0.373929888010025
p0150,seed_1,"A poster with two red cars and the text ""Speed Race"".",outputs/images/p0150/seed_1.png,True,0.5,0.0,,0.0,1.0,0.375,"['missing object: poster', 'attribute mismatch: car should be red', 'count mismatch: car should be 2']","{'objects': ['car', 'people', 'airplane', 'background'], 'attributes': [{'object': 'car', 'attribute': 'color', 'value': 'red'}, {'object': 'car', 'attribute': 'number', 'value': '5'}, {'object': 'car', 'attribute': 'number', 'value': '8'}, {'object': 'people', 'attribute': 'position', 'value': 'inside car'}, {'object': 'airplane', 'attribute': 'color', 'value': 'white with red tail'}, {'object': 'background', 'attribute': 'color', 'value': 'blurred yellow and blue'}], 'relations': [{'subject': 'car', 'relation': 'in front of', 'object': 'background'}, {'subject': 'airplane', 'relation': 'above', 'object': 'car'}], 'count': [{'object': 'people', 'number': 2}, {'object': 'numbers', 'number': 2}], 'ocr_text': ['SPEED RACE'], 'uncertain': []}",0.36550235748291016
p0150,seed_2,"A poster with two red cars and the text ""Speed Race"".",outputs/images/p0150/seed_2.png,True,0.5,0.0,,1.0,0.0,0.375,"['missing object: poster', 'attribute mismatch: car should be red', 'text mismatch: expected ""Speed Race"", got [\'SPEED\', \'SPEED\', \'SPEED\']']","{'objects': ['car'], 'attributes': [{'object': 'car', 'attribute': 'color', 'value': 'red'}, {'object': 'car', 'attribute': 'model', 'value': 'sports car'}], 'relations': [{'subject': 'car', 'relation': 'in_front_of', 'object': 'car'}, {'subject': 'car', 'relation': 'behind', 'object': 'car'}], 'count': [{'object': 'car', 'number': 2}], 'ocr_text': ['SPEED', 'SPEED', 'SPEED'], 'uncertain': []}",0.3877605199813843
p0150,seed_3,"A poster with two red cars and the text ""Speed Race"".",outputs/images/p0150/seed_3.png,True,0.5,1.0,,0.0,0.0,0.375,"['missing object: poster', 'count mismatch: car should be 2', 'text mismatch: expected ""Speed Race"", got [\'2701-110\']']","{'objects': ['car'], 'attributes': [{'object': 'car', 'color': 'red'}, {'object': 'car', 'color': 'white'}, {'object': 'car', 'color': 'black'}], 'relations': [{'subject': 'car', 'relation': 'in_front_of', 'object': 'car'}, {'subject': 'car', 'relation': 'behind', 'object': 'car'}, {'subject': 'car', 'relation': 'left_of', 'object': 'car'}, {'subject': 'car', 'relation': 'right_of', 'object': 'car'}], 'count': [{'object': 'car', 'number': 5}], 'ocr_text': ['2701-110'], 'uncertain': []}",0.3016127645969391
